2025-06-25 11:31:06,275 - INFO - creating snap7 client
2025-06-25 11:31:06,275 - INFO - connecting to 192.168.21.10:102 rack 0 slot 1
2025-06-25 11:31:06,275 - DEBUG - setting param number 2 to 102
2025-06-25 11:31:06,336 - INFO - Connected to PLC at 192.168.21.10
2025-06-25 11:31:06,336 - INFO - Initializing camera...
2025-06-25 11:31:06,666 - INFO - Camera initialized successfully.
2025-06-25 11:31:06,684 - INFO - Using device: cuda
2025-06-25 11:31:06,771 - DEBUG - Capturing frame...
2025-06-25 11:31:06,975 - DEBUG - Capturing frame...
2025-06-25 11:31:07,175 - INFO - Computed PSNR: 8.21 for SKU NEA_Korea_100ml
2025-06-25 11:31:07,176 - DEBUG - Running detection on frame with conf=0.02, iou=0.55
2025-06-25 11:31:07,950 - INFO - Detected 26 valid boxes. Clamp class count: 0
2025-06-25 11:31:07,969 - DEBUG - db_read, db_number:1, start:5, size:1
2025-06-25 11:31:07,980 - DEBUG - db_write db_number:1 start:5 size:1 data:bytearray(b'\x04')
2025-06-25 11:31:07,992 - INFO - Triggered PLC: %M5.2 set to True
2025-06-25 11:31:08,059 - INFO - Defect image saved: \\wsl.localhost\Ubuntu-22.04\home\hul\vin_images\images\10_31_22_40_85_2025-06-25T11:31:07_911908712.png
2025-06-25 11:31:08,060 - DEBUG - Capturing frame...
2025-06-25 11:31:08,263 - DEBUG - Capturing frame...
2025-06-25 11:31:08,418 - INFO - Computed PSNR: 12.70 for SKU NEA_Korea_100ml
2025-06-25 11:31:08,419 - DEBUG - Running detection on frame with conf=0.02, iou=0.55
2025-06-25 11:31:08,463 - INFO - Detected 13 valid boxes. Clamp class count: 1
2025-06-25 11:31:08,466 - DEBUG - Capturing frame...
2025-06-25 11:31:08,668 - DEBUG - Capturing frame...
2025-06-25 11:31:08,870 - DEBUG - Capturing frame...
2025-06-25 11:31:09,073 - DEBUG - Capturing frame...
2025-06-25 11:31:09,276 - DEBUG - Capturing frame...
2025-06-25 11:31:09,478 - DEBUG - Capturing frame...
2025-06-25 11:31:09,547 - INFO - Computed PSNR: 13.81 for SKU NEA_Korea_100ml
2025-06-25 11:31:09,547 - DEBUG - Running detection on frame with conf=0.02, iou=0.55
2025-06-25 11:31:09,583 - INFO - Detected 13 valid boxes. Clamp class count: 1
2025-06-25 11:31:09,586 - DEBUG - Capturing frame...
2025-06-25 11:31:09,788 - DEBUG - Capturing frame...
2025-06-25 11:31:09,991 - DEBUG - Capturing frame...
2025-06-25 11:31:10,194 - DEBUG - Capturing frame...
2025-06-25 11:31:10,440 - INFO - Computed PSNR: 14.84 for SKU NEA_Korea_100ml
2025-06-25 11:31:10,440 - DEBUG - Running detection on frame with conf=0.02, iou=0.55
2025-06-25 11:31:10,477 - INFO - Detected 13 valid boxes. Clamp class count: 1
2025-06-25 11:31:10,609 - DEBUG - Capturing frame...
2025-06-25 11:31:10,812 - DEBUG - Capturing frame...
2025-06-25 11:31:11,016 - DEBUG - Capturing frame...
2025-06-25 11:31:11,218 - DEBUG - Capturing frame...
2025-06-25 11:31:11,285 - INFO - Computed PSNR: 12.54 for SKU NEA_Korea_100ml
2025-06-25 11:31:11,285 - DEBUG - Running detection on frame with conf=0.02, iou=0.55
2025-06-25 11:31:11,319 - INFO - Detected 13 valid boxes. Clamp class count: 1
2025-06-25 11:31:11,322 - DEBUG - Capturing frame...
2025-06-25 11:31:11,525 - DEBUG - Capturing frame...
2025-06-25 11:31:11,728 - DEBUG - Capturing frame...
2025-06-25 11:31:11,931 - DEBUG - Capturing frame...
2025-06-25 11:31:12,087 - INFO - Computed PSNR: 14.02 for SKU NEA_Korea_100ml
2025-06-25 11:31:12,087 - DEBUG - Running detection on frame with conf=0.02, iou=0.55
2025-06-25 11:31:12,122 - INFO - Detected 13 valid boxes. Clamp class count: 1
2025-06-25 11:31:12,125 - DEBUG - Capturing frame...
2025-06-25 11:31:12,327 - DEBUG - Capturing frame...
2025-06-25 11:31:12,530 - DEBUG - Capturing frame...
2025-06-25 11:31:12,733 - DEBUG - Capturing frame...
2025-06-25 11:31:12,967 - INFO - Computed PSNR: 14.20 for SKU NEA_Korea_100ml
2025-06-25 11:31:12,968 - DEBUG - Running detection on frame with conf=0.02, iou=0.55
2025-06-25 11:31:13,002 - INFO - Detected 13 valid boxes. Clamp class count: 1
2025-06-25 11:31:13,006 - DEBUG - Capturing frame...
2025-06-25 11:31:13,208 - DEBUG - Capturing frame...
2025-06-25 11:31:13,412 - DEBUG - Capturing frame...
2025-06-25 11:31:13,615 - DEBUG - Capturing frame...
2025-06-25 11:31:13,758 - INFO - Computed PSNR: 14.55 for SKU NEA_Korea_100ml
2025-06-25 11:31:13,758 - DEBUG - Running detection on frame with conf=0.02, iou=0.55
2025-06-25 11:31:13,842 - INFO - Detected 13 valid boxes. Clamp class count: 1
2025-06-25 11:31:13,845 - DEBUG - Capturing frame...
2025-06-25 11:31:14,047 - DEBUG - Capturing frame...
2025-06-25 11:31:14,250 - DEBUG - Capturing frame...
2025-06-25 11:31:14,454 - DEBUG - Capturing frame...
2025-06-25 11:31:14,559 - INFO - Computed PSNR: 13.30 for SKU NEA_Korea_100ml
2025-06-25 11:31:14,559 - DEBUG - Running detection on frame with conf=0.02, iou=0.55
2025-06-25 11:31:14,651 - INFO - Detected 13 valid boxes. Clamp class count: 1
2025-06-25 11:31:14,654 - DEBUG - Capturing frame...
2025-06-25 11:31:14,856 - DEBUG - Capturing frame...
2025-06-25 11:31:15,059 - DEBUG - Capturing frame...
2025-06-25 11:31:15,261 - DEBUG - Capturing frame...
2025-06-25 11:31:15,464 - DEBUG - Capturing frame...
2025-06-25 11:31:15,526 - INFO - Computed PSNR: 15.42 for SKU NEA_Korea_100ml
2025-06-25 11:31:15,526 - DEBUG - Running detection on frame with conf=0.02, iou=0.55
2025-06-25 11:31:15,750 - INFO - Detected 13 valid boxes. Clamp class count: 1
2025-06-25 11:31:15,753 - DEBUG - Capturing frame...
2025-06-25 11:31:15,955 - DEBUG - Capturing frame...
2025-06-25 11:31:16,157 - DEBUG - Capturing frame...
2025-06-25 11:31:16,395 - INFO - Computed PSNR: 14.24 for SKU NEA_Korea_100ml
2025-06-25 11:31:16,395 - DEBUG - Running detection on frame with conf=0.02, iou=0.55
2025-06-25 11:31:16,428 - INFO - Detected 13 valid boxes. Clamp class count: 1
2025-06-25 11:31:16,431 - DEBUG - Capturing frame...
2025-06-25 11:31:16,634 - DEBUG - Capturing frame...
2025-06-25 11:31:16,838 - DEBUG - Capturing frame...
2025-06-25 11:31:17,041 - DEBUG - Capturing frame...
2025-06-25 11:31:17,182 - INFO - Computed PSNR: 14.52 for SKU NEA_Korea_100ml
2025-06-25 11:31:17,182 - DEBUG - Running detection on frame with conf=0.02, iou=0.55
2025-06-25 11:31:17,222 - INFO - Detected 13 valid boxes. Clamp class count: 1
2025-06-25 11:31:17,225 - DEBUG - Capturing frame...
2025-06-25 11:31:17,427 - DEBUG - Capturing frame...
2025-06-25 11:31:17,631 - DEBUG - Capturing frame...
2025-06-25 11:31:17,835 - DEBUG - Capturing frame...
2025-06-25 11:31:18,059 - INFO - Computed PSNR: 14.09 for SKU NEA_Korea_100ml
2025-06-25 11:31:18,059 - DEBUG - Running detection on frame with conf=0.02, iou=0.55
2025-06-25 11:31:18,112 - INFO - Detected 13 valid boxes. Clamp class count: 1
2025-06-25 11:31:18,114 - DEBUG - Capturing frame...
2025-06-25 11:31:18,317 - DEBUG - Capturing frame...
2025-06-25 11:31:18,535 - DEBUG - Capturing frame...
2025-06-25 11:31:18,766 - DEBUG - Capturing frame...
2025-06-25 11:31:18,985 - DEBUG - Capturing frame...
2025-06-25 11:31:19,065 - INFO - Computed PSNR: 14.39 for SKU NEA_Korea_100ml
2025-06-25 11:31:19,066 - DEBUG - Running detection on frame with conf=0.02, iou=0.55
2025-06-25 11:31:19,142 - INFO - Detected 13 valid boxes. Clamp class count: 1
2025-06-25 11:31:19,156 - DEBUG - Capturing frame...
2025-06-25 11:31:19,376 - DEBUG - Capturing frame...
2025-06-25 11:31:19,596 - DEBUG - Capturing frame...
2025-06-25 11:31:19,844 - INFO - Computed PSNR: 14.78 for SKU NEA_Korea_100ml
2025-06-25 11:31:19,844 - DEBUG - Running detection on frame with conf=0.02, iou=0.55
2025-06-25 11:31:19,959 - INFO - Detected 12 valid boxes. Clamp class count: 0
2025-06-25 11:31:19,961 - DEBUG - db_read, db_number:1, start:5, size:1
2025-06-25 11:31:19,974 - DEBUG - db_write db_number:1 start:5 size:1 data:bytearray(b'\x04')
2025-06-25 11:31:19,990 - INFO - Triggered PLC: %M5.2 set to True
2025-06-25 11:31:20,074 - INFO - Defect image saved: \\wsl.localhost\Ubuntu-22.04\home\hul\vin_images\images\10_31_22_40_85_2025-06-25T11:31:19_904150615.png
2025-06-25 11:31:20,085 - DEBUG - Capturing frame...
2025-06-25 11:31:20,302 - DEBUG - Capturing frame...
2025-06-25 11:31:20,522 - DEBUG - Capturing frame...
2025-06-25 11:31:20,653 - INFO - Computed PSNR: 13.33 for SKU NEA_Korea_100ml
2025-06-25 11:31:20,654 - DEBUG - Running detection on frame with conf=0.02, iou=0.55
2025-06-25 11:31:20,777 - INFO - Detected 13 valid boxes. Clamp class count: 1
2025-06-25 11:31:20,788 - DEBUG - Capturing frame...
2025-06-25 11:31:21,008 - DEBUG - Capturing frame...
2025-06-25 11:31:21,240 - DEBUG - Capturing frame...
2025-06-25 11:31:21,503 - INFO - Computed PSNR: 12.89 for SKU NEA_Korea_100ml
2025-06-25 11:31:21,503 - DEBUG - Running detection on frame with conf=0.02, iou=0.55
2025-06-25 11:31:21,625 - INFO - Detected 13 valid boxes. Clamp class count: 1
2025-06-25 11:31:21,629 - DEBUG - Capturing frame...
2025-06-25 11:31:21,850 - DEBUG - Capturing frame...
2025-06-25 11:31:22,071 - DEBUG - Capturing frame...
2025-06-25 11:31:22,289 - DEBUG - Capturing frame...
2025-06-25 11:31:22,379 - INFO - Computed PSNR: 14.89 for SKU NEA_Korea_100ml
2025-06-25 11:31:22,379 - DEBUG - Running detection on frame with conf=0.02, iou=0.55
2025-06-25 11:31:22,439 - INFO - Detected 13 valid boxes. Clamp class count: 1
2025-06-25 11:31:22,446 - DEBUG - Capturing frame...
2025-06-25 11:31:22,665 - DEBUG - Capturing frame...
2025-06-25 11:31:22,886 - DEBUG - Capturing frame...
2025-06-25 11:31:23,109 - DEBUG - Capturing frame...
2025-06-25 11:31:23,252 - INFO - Computed PSNR: 13.84 for SKU NEA_Korea_100ml
2025-06-25 11:31:23,253 - DEBUG - Running detection on frame with conf=0.02, iou=0.55
2025-06-25 11:31:23,411 - INFO - Detected 13 valid boxes. Clamp class count: 1
2025-06-25 11:31:23,425 - DEBUG - Capturing frame...
2025-06-25 11:31:23,643 - DEBUG - Capturing frame...
2025-06-25 11:31:23,862 - DEBUG - Capturing frame...
2025-06-25 11:31:24,037 - INFO - Computed PSNR: 14.96 for SKU NEA_Korea_100ml
2025-06-25 11:31:24,037 - DEBUG - Running detection on frame with conf=0.02, iou=0.55
2025-06-25 11:31:24,091 - INFO - Detected 13 valid boxes. Clamp class count: 1
2025-06-25 11:31:24,096 - DEBUG - Capturing frame...
2025-06-25 11:31:24,316 - DEBUG - Capturing frame...
2025-06-25 11:31:24,535 - DEBUG - Capturing frame...
2025-06-25 11:31:24,752 - DEBUG - Capturing frame...
2025-06-25 11:31:24,923 - INFO - Computed PSNR: 15.52 for SKU NEA_Korea_100ml
2025-06-25 11:31:24,924 - DEBUG - Running detection on frame with conf=0.02, iou=0.55
2025-06-25 11:31:24,988 - INFO - Detected 13 valid boxes. Clamp class count: 1
2025-06-25 11:31:25,004 - DEBUG - Capturing frame...
2025-06-25 11:31:25,222 - DEBUG - Capturing frame...
2025-06-25 11:31:25,440 - DEBUG - Capturing frame...
2025-06-25 11:31:25,657 - DEBUG - Capturing frame...
2025-06-25 11:31:25,878 - INFO - Computed PSNR: 13.08 for SKU NEA_Korea_100ml
2025-06-25 11:31:25,879 - DEBUG - Running detection on frame with conf=0.02, iou=0.55
2025-06-25 11:31:25,985 - INFO - Detected 13 valid boxes. Clamp class count: 1
2025-06-25 11:31:26,001 - DEBUG - Capturing frame...
2025-06-25 11:31:26,218 - DEBUG - Capturing frame...
2025-06-25 11:31:26,434 - DEBUG - Capturing frame...
2025-06-25 11:31:26,637 - INFO - Computed PSNR: 13.21 for SKU NEA_Korea_100ml
2025-06-25 11:31:26,638 - DEBUG - Running detection on frame with conf=0.02, iou=0.55
2025-06-25 11:31:26,749 - INFO - Detected 13 valid boxes. Clamp class count: 1
2025-06-25 11:31:26,763 - DEBUG - Capturing frame...
2025-06-25 11:31:26,983 - DEBUG - Capturing frame...
2025-06-25 11:31:27,203 - DEBUG - Capturing frame...
2025-06-25 11:31:27,457 - INFO - Computed PSNR: 15.96 for SKU NEA_Korea_100ml
2025-06-25 11:31:27,458 - DEBUG - Running detection on frame with conf=0.02, iou=0.55
2025-06-25 11:31:27,754 - INFO - Detected 13 valid boxes. Clamp class count: 1
2025-06-25 11:31:27,768 - DEBUG - Capturing frame...
2025-06-25 11:31:27,985 - DEBUG - Capturing frame...
2025-06-25 11:31:28,204 - DEBUG - Capturing frame...
2025-06-25 11:31:28,319 - INFO - Computed PSNR: 13.08 for SKU NEA_Korea_100ml
2025-06-25 11:31:28,319 - DEBUG - Running detection on frame with conf=0.02, iou=0.55
2025-06-25 11:31:28,371 - INFO - Detected 13 valid boxes. Clamp class count: 1
2025-06-25 11:31:28,376 - DEBUG - Capturing frame...
2025-06-25 11:31:28,594 - DEBUG - Capturing frame...
2025-06-25 11:31:28,811 - DEBUG - Capturing frame...
2025-06-25 11:31:29,031 - DEBUG - Capturing frame...
2025-06-25 11:31:29,265 - DEBUG - Capturing frame...
2025-06-25 11:31:29,340 - INFO - Computed PSNR: 14.91 for SKU NEA_Korea_100ml
2025-06-25 11:31:29,340 - DEBUG - Running detection on frame with conf=0.02, iou=0.55
2025-06-25 11:31:29,398 - INFO - Detected 13 valid boxes. Clamp class count: 1
2025-06-25 11:31:29,404 - DEBUG - Capturing frame...
2025-06-25 11:31:29,624 - DEBUG - Capturing frame...
2025-06-25 11:31:29,843 - DEBUG - Capturing frame...
2025-06-25 11:31:30,061 - DEBUG - Capturing frame...
2025-06-25 11:31:30,294 - DEBUG - Capturing frame...
2025-06-25 11:31:30,512 - DEBUG - Capturing frame...
2025-06-25 11:31:30,730 - DEBUG - Capturing frame...
2025-06-25 11:31:30,947 - DEBUG - Capturing frame...
2025-06-25 11:31:31,167 - DEBUG - Capturing frame...
2025-06-25 11:31:31,385 - DEBUG - Capturing frame...
2025-06-25 11:31:31,605 - DEBUG - Capturing frame...
2025-06-25 11:31:31,823 - DEBUG - Capturing frame...
2025-06-25 11:31:32,054 - DEBUG - Capturing frame...
2025-06-25 11:31:32,271 - DEBUG - Capturing frame...
2025-06-25 11:31:32,489 - DEBUG - Capturing frame...
2025-06-25 11:31:32,708 - DEBUG - Capturing frame...
2025-06-25 11:31:32,927 - DEBUG - Capturing frame...
2025-06-25 11:31:33,145 - DEBUG - Capturing frame...
2025-06-25 11:31:33,364 - DEBUG - Capturing frame...
2025-06-25 11:31:33,586 - DEBUG - Capturing frame...
2025-06-25 11:31:33,674 - INFO - Computed PSNR: 14.08 for SKU NEA_Korea_100ml
2025-06-25 11:31:33,675 - DEBUG - Running detection on frame with conf=0.02, iou=0.55
2025-06-25 11:31:33,802 - INFO - Detected 13 valid boxes. Clamp class count: 1
2025-06-25 11:31:33,808 - DEBUG - Capturing frame...
2025-06-25 11:31:34,029 - DEBUG - Capturing frame...
2025-06-25 11:31:34,248 - DEBUG - Capturing frame...
2025-06-25 11:31:34,412 - INFO - Computed PSNR: 14.58 for SKU NEA_Korea_100ml
2025-06-25 11:31:34,412 - DEBUG - Running detection on frame with conf=0.02, iou=0.55
2025-06-25 11:31:34,597 - INFO - Detected 13 valid boxes. Clamp class count: 1
2025-06-25 11:31:34,611 - DEBUG - Capturing frame...
2025-06-25 11:31:34,832 - DEBUG - Capturing frame...
2025-06-25 11:31:35,051 - DEBUG - Capturing frame...
2025-06-25 11:31:35,295 - INFO - Computed PSNR: 13.51 for SKU NEA_Korea_100ml
2025-06-25 11:31:35,296 - DEBUG - Running detection on frame with conf=0.02, iou=0.55
2025-06-25 11:31:35,353 - INFO - Detected 13 valid boxes. Clamp class count: 1
2025-06-25 11:31:35,367 - DEBUG - Capturing frame...
2025-06-25 11:31:35,586 - DEBUG - Capturing frame...
2025-06-25 11:31:35,805 - DEBUG - Capturing frame...
2025-06-25 11:31:36,025 - DEBUG - Capturing frame...
2025-06-25 11:31:36,176 - INFO - Computed PSNR: 12.82 for SKU NEA_Korea_100ml
2025-06-25 11:31:36,176 - DEBUG - Running detection on frame with conf=0.02, iou=0.55
2025-06-25 11:31:36,228 - INFO - Detected 13 valid boxes. Clamp class count: 1
2025-06-25 11:31:36,246 - DEBUG - Capturing frame...
2025-06-25 11:31:36,466 - DEBUG - Capturing frame...
2025-06-25 11:31:36,684 - DEBUG - Capturing frame...
2025-06-25 11:31:36,902 - DEBUG - Capturing frame...
2025-06-25 11:31:37,004 - INFO - Computed PSNR: 12.90 for SKU NEA_Korea_100ml
2025-06-25 11:31:37,005 - DEBUG - Running detection on frame with conf=0.02, iou=0.55
2025-06-25 11:31:37,072 - INFO - Detected 13 valid boxes. Clamp class count: 1
2025-06-25 11:31:37,075 - DEBUG - Capturing frame...
2025-06-25 11:31:37,294 - DEBUG - Capturing frame...
2025-06-25 11:31:37,514 - DEBUG - Capturing frame...
2025-06-25 11:31:37,733 - DEBUG - Capturing frame...
2025-06-25 11:31:37,842 - INFO - Computed PSNR: 13.39 for SKU NEA_Korea_100ml
2025-06-25 11:31:37,842 - DEBUG - Running detection on frame with conf=0.02, iou=0.55
2025-06-25 11:31:37,949 - INFO - Detected 13 valid boxes. Clamp class count: 1
2025-06-25 11:31:37,953 - DEBUG - Capturing frame...
2025-06-25 11:31:38,173 - DEBUG - Capturing frame...
2025-06-25 11:31:38,392 - DEBUG - Capturing frame...
2025-06-25 11:31:38,610 - DEBUG - Capturing frame...
2025-06-25 11:31:38,714 - INFO - Computed PSNR: 13.80 for SKU NEA_Korea_100ml
2025-06-25 11:31:38,715 - DEBUG - Running detection on frame with conf=0.02, iou=0.55
2025-06-25 11:31:38,819 - INFO - Detected 13 valid boxes. Clamp class count: 1
2025-06-25 11:31:38,831 - DEBUG - Capturing frame...
2025-06-25 11:31:39,049 - DEBUG - Capturing frame...
2025-06-25 11:31:39,268 - DEBUG - Capturing frame...
2025-06-25 11:31:39,487 - DEBUG - Capturing frame...
2025-06-25 11:31:39,580 - INFO - Computed PSNR: 11.84 for SKU NEA_Korea_100ml
2025-06-25 11:31:39,580 - DEBUG - Running detection on frame with conf=0.02, iou=0.55
2025-06-25 11:31:39,686 - INFO - Detected 13 valid boxes. Clamp class count: 1
2025-06-25 11:31:39,692 - DEBUG - Capturing frame...
2025-06-25 11:31:39,909 - DEBUG - Capturing frame...
2025-06-25 11:31:40,127 - DEBUG - Capturing frame...
2025-06-25 11:31:40,346 - DEBUG - Capturing frame...
2025-06-25 11:31:40,437 - INFO - Computed PSNR: 12.70 for SKU NEA_Korea_100ml
2025-06-25 11:31:40,437 - DEBUG - Running detection on frame with conf=0.02, iou=0.55
2025-06-25 11:31:40,536 - INFO - Detected 13 valid boxes. Clamp class count: 1
2025-06-25 11:31:40,549 - DEBUG - Capturing frame...
2025-06-25 11:31:40,767 - DEBUG - Capturing frame...
2025-06-25 11:31:40,987 - DEBUG - Capturing frame...
2025-06-25 11:31:41,206 - DEBUG - Capturing frame...
2025-06-25 11:31:41,260 - INFO - Computed PSNR: 14.51 for SKU NEA_Korea_100ml
2025-06-25 11:31:41,260 - DEBUG - Running detection on frame with conf=0.02, iou=0.55
2025-06-25 11:31:41,331 - INFO - Detected 13 valid boxes. Clamp class count: 1
2025-06-25 11:31:41,348 - DEBUG - Capturing frame...
2025-06-25 11:31:41,567 - DEBUG - Capturing frame...
2025-06-25 11:31:41,785 - DEBUG - Capturing frame...
2025-06-25 11:31:42,003 - DEBUG - Capturing frame...
2025-06-25 11:31:42,215 - INFO - Computed PSNR: 13.30 for SKU NEA_Korea_100ml
2025-06-25 11:31:42,215 - DEBUG - Running detection on frame with conf=0.02, iou=0.55
2025-06-25 11:31:42,275 - INFO - Detected 13 valid boxes. Clamp class count: 1
2025-06-25 11:31:42,285 - DEBUG - Capturing frame...
2025-06-25 11:31:42,504 - DEBUG - Capturing frame...
2025-06-25 11:31:42,722 - DEBUG - Capturing frame...
2025-06-25 11:31:42,939 - DEBUG - Capturing frame...
2025-06-25 11:31:42,995 - INFO - Computed PSNR: 11.95 for SKU NEA_Korea_100ml
2025-06-25 11:31:42,996 - DEBUG - Running detection on frame with conf=0.02, iou=0.55
2025-06-25 11:31:43,062 - INFO - Detected 13 valid boxes. Clamp class count: 1
2025-06-25 11:31:43,066 - DEBUG - Capturing frame...
2025-06-25 11:31:43,286 - DEBUG - Capturing frame...
2025-06-25 11:31:43,504 - DEBUG - Capturing frame...
2025-06-25 11:31:43,722 - DEBUG - Capturing frame...
2025-06-25 11:31:43,871 - INFO - Computed PSNR: 13.35 for SKU NEA_Korea_100ml
2025-06-25 11:31:43,871 - DEBUG - Running detection on frame with conf=0.02, iou=0.55
2025-06-25 11:31:43,944 - INFO - Detected 13 valid boxes. Clamp class count: 1
2025-06-25 11:31:43,957 - DEBUG - Capturing frame...
2025-06-25 11:31:44,177 - DEBUG - Capturing frame...
2025-06-25 11:31:44,394 - DEBUG - Capturing frame...
2025-06-25 11:31:44,611 - DEBUG - Capturing frame...
2025-06-25 11:31:44,692 - INFO - Computed PSNR: 14.29 for SKU NEA_Korea_100ml
2025-06-25 11:31:44,692 - DEBUG - Running detection on frame with conf=0.02, iou=0.55
2025-06-25 11:31:44,777 - INFO - Detected 13 valid boxes. Clamp class count: 1
2025-06-25 11:31:44,784 - DEBUG - Capturing frame...
2025-06-25 11:31:45,004 - DEBUG - Capturing frame...
2025-06-25 11:31:45,234 - DEBUG - Capturing frame...
2025-06-25 11:31:45,455 - DEBUG - Capturing frame...
2025-06-25 11:31:45,571 - INFO - Computed PSNR: 14.68 for SKU NEA_Korea_100ml
2025-06-25 11:31:45,571 - DEBUG - Running detection on frame with conf=0.02, iou=0.55
2025-06-25 11:31:45,959 - INFO - Detected 13 valid boxes. Clamp class count: 1
2025-06-25 11:31:45,972 - DEBUG - Capturing frame...
2025-06-25 11:31:46,193 - DEBUG - Capturing frame...
2025-06-25 11:31:46,445 - INFO - Computed PSNR: 14.46 for SKU NEA_Korea_100ml
2025-06-25 11:31:46,445 - DEBUG - Running detection on frame with conf=0.02, iou=0.55
2025-06-25 11:31:46,501 - INFO - Detected 13 valid boxes. Clamp class count: 1
2025-06-25 11:31:46,505 - DEBUG - Capturing frame...
2025-06-25 11:31:46,722 - DEBUG - Capturing frame...
2025-06-25 11:31:46,941 - DEBUG - Capturing frame...
2025-06-25 11:31:47,159 - DEBUG - Capturing frame...
2025-06-25 11:31:47,317 - WARNING - Invalid JSON format in file. Overwriting.
2025-06-25 11:31:47,358 - INFO - Computed PSNR: 13.43 for SKU NEA_Korea_100ml
2025-06-25 11:31:47,359 - DEBUG - Running detection on frame with conf=0.02, iou=0.55
2025-06-25 11:31:47,422 - INFO - Detected 13 valid boxes. Clamp class count: 1
2025-06-25 11:31:47,437 - DEBUG - Capturing frame...
2025-06-25 11:31:47,657 - DEBUG - Capturing frame...
2025-06-25 11:31:47,889 - DEBUG - Capturing frame...
2025-06-25 11:31:48,107 - DEBUG - Capturing frame...
2025-06-25 11:31:48,326 - DEBUG - Capturing frame...
2025-06-25 11:31:48,544 - DEBUG - Capturing frame...
2025-06-25 11:31:48,764 - DEBUG - Capturing frame...
2025-06-25 11:31:48,985 - DEBUG - Capturing frame...
2025-06-25 11:31:49,203 - DEBUG - Capturing frame...
2025-06-25 11:31:49,422 - DEBUG - Capturing frame...
2025-06-25 11:31:49,643 - DEBUG - Capturing frame...
2025-06-25 11:31:49,862 - DEBUG - Capturing frame...
2025-06-25 11:31:50,082 - DEBUG - Capturing frame...
2025-06-25 11:31:50,301 - DEBUG - Capturing frame...
2025-06-25 11:31:50,520 - DEBUG - Capturing frame...
2025-06-25 11:31:50,737 - DEBUG - Capturing frame...
2025-06-25 11:31:50,958 - DEBUG - Capturing frame...
2025-06-25 11:31:51,177 - DEBUG - Capturing frame...
2025-06-25 11:31:51,396 - DEBUG - Capturing frame...
2025-06-25 11:31:51,588 - INFO - Computed PSNR: 12.99 for SKU NEA_Korea_100ml
2025-06-25 11:31:51,589 - DEBUG - Running detection on frame with conf=0.02, iou=0.55
2025-06-25 11:31:51,964 - INFO - Detected 13 valid boxes. Clamp class count: 1
2025-06-25 11:31:51,979 - DEBUG - Capturing frame...
2025-06-25 11:31:52,199 - DEBUG - Capturing frame...
2025-06-25 11:31:52,417 - DEBUG - Capturing frame...
2025-06-25 11:31:52,605 - INFO - Computed PSNR: 14.95 for SKU NEA_Korea_100ml
2025-06-25 11:31:52,606 - DEBUG - Running detection on frame with conf=0.02, iou=0.55
2025-06-25 11:31:52,659 - INFO - Detected 13 valid boxes. Clamp class count: 1
2025-06-25 11:31:52,669 - DEBUG - Capturing frame...
2025-06-25 11:31:52,887 - DEBUG - Capturing frame...
2025-06-25 11:31:53,105 - DEBUG - Capturing frame...
2025-06-25 11:31:53,325 - DEBUG - Capturing frame...
2025-06-25 11:31:53,392 - INFO - Computed PSNR: 13.52 for SKU NEA_Korea_100ml
2025-06-25 11:31:53,393 - DEBUG - Running detection on frame with conf=0.02, iou=0.55
2025-06-25 11:31:53,459 - INFO - Detected 13 valid boxes. Clamp class count: 1
2025-06-25 11:31:53,467 - DEBUG - Capturing frame...
2025-06-25 11:31:53,687 - DEBUG - Capturing frame...
2025-06-25 11:31:53,908 - DEBUG - Capturing frame...
2025-06-25 11:31:54,129 - DEBUG - Capturing frame...
2025-06-25 11:31:54,323 - INFO - Computed PSNR: 13.31 for SKU NEA_Korea_100ml
2025-06-25 11:31:54,323 - DEBUG - Running detection on frame with conf=0.02, iou=0.55
2025-06-25 11:31:54,384 - INFO - Detected 13 valid boxes. Clamp class count: 1
2025-06-25 11:31:54,397 - DEBUG - Capturing frame...
2025-06-25 11:31:54,617 - DEBUG - Capturing frame...
2025-06-25 11:31:54,836 - DEBUG - Capturing frame...
2025-06-25 11:31:55,054 - DEBUG - Capturing frame...
2025-06-25 11:31:55,162 - INFO - Computed PSNR: 14.45 for SKU NEA_Korea_100ml
2025-06-25 11:31:55,163 - DEBUG - Running detection on frame with conf=0.02, iou=0.55
2025-06-25 11:31:55,245 - INFO - Detected 13 valid boxes. Clamp class count: 1
2025-06-25 11:31:55,257 - DEBUG - Capturing frame...
2025-06-25 11:31:55,476 - DEBUG - Capturing frame...
2025-06-25 11:31:55,695 - DEBUG - Capturing frame...
2025-06-25 11:31:55,930 - DEBUG - Capturing frame...
2025-06-25 11:31:56,009 - INFO - Computed PSNR: 12.57 for SKU NEA_Korea_100ml
2025-06-25 11:31:56,010 - DEBUG - Running detection on frame with conf=0.02, iou=0.55
2025-06-25 11:31:56,081 - INFO - Detected 13 valid boxes. Clamp class count: 1
2025-06-25 11:31:56,087 - DEBUG - Capturing frame...
2025-06-25 11:31:56,306 - DEBUG - Capturing frame...
2025-06-25 11:31:56,527 - DEBUG - Capturing frame...
2025-06-25 11:31:56,744 - DEBUG - Capturing frame...
2025-06-25 11:31:56,912 - INFO - Computed PSNR: 13.60 for SKU NEA_Korea_100ml
2025-06-25 11:31:56,913 - DEBUG - Running detection on frame with conf=0.02, iou=0.55
2025-06-25 11:31:57,028 - INFO - Detected 13 valid boxes. Clamp class count: 1
2025-06-25 11:31:57,043 - DEBUG - Capturing frame...
2025-06-25 11:31:57,259 - DEBUG - Capturing frame...
2025-06-25 11:31:57,475 - DEBUG - Capturing frame...
2025-06-25 11:31:57,695 - DEBUG - Capturing frame...
2025-06-25 11:31:57,746 - INFO - Computed PSNR: 12.89 for SKU NEA_Korea_100ml
2025-06-25 11:31:57,746 - DEBUG - Running detection on frame with conf=0.02, iou=0.55
2025-06-25 11:31:57,861 - INFO - Detected 13 valid boxes. Clamp class count: 1
2025-06-25 11:31:57,869 - DEBUG - Capturing frame...
2025-06-25 11:31:58,088 - DEBUG - Capturing frame...
2025-06-25 11:31:58,307 - DEBUG - Capturing frame...
2025-06-25 11:31:58,525 - DEBUG - Capturing frame...
2025-06-25 11:31:58,580 - INFO - Computed PSNR: 15.62 for SKU NEA_Korea_100ml
2025-06-25 11:31:58,580 - DEBUG - Running detection on frame with conf=0.02, iou=0.55
2025-06-25 11:31:58,697 - INFO - Detected 13 valid boxes. Clamp class count: 1
2025-06-25 11:31:58,715 - DEBUG - Capturing frame...
2025-06-25 11:31:58,935 - DEBUG - Capturing frame...
2025-06-25 11:31:59,154 - DEBUG - Capturing frame...
2025-06-25 11:31:59,372 - DEBUG - Capturing frame...
2025-06-25 11:31:59,450 - INFO - Computed PSNR: 14.24 for SKU NEA_Korea_100ml
2025-06-25 11:31:59,450 - DEBUG - Running detection on frame with conf=0.02, iou=0.55
2025-06-25 11:31:59,761 - INFO - Detected 13 valid boxes. Clamp class count: 1
2025-06-25 11:31:59,764 - DEBUG - Capturing frame...
2025-06-25 11:31:59,982 - DEBUG - Capturing frame...
2025-06-25 11:32:00,226 - INFO - Computed PSNR: 14.66 for SKU NEA_Korea_100ml
2025-06-25 11:32:00,226 - DEBUG - Running detection on frame with conf=0.02, iou=0.55
2025-06-25 11:32:00,279 - INFO - Detected 13 valid boxes. Clamp class count: 1
2025-06-25 11:32:00,295 - DEBUG - Capturing frame...
2025-06-25 11:32:00,513 - DEBUG - Capturing frame...
2025-06-25 11:32:00,747 - DEBUG - Capturing frame...
2025-06-25 11:32:00,977 - DEBUG - Capturing frame...
2025-06-25 11:32:01,100 - INFO - Computed PSNR: 13.69 for SKU NEA_Korea_100ml
2025-06-25 11:32:01,100 - DEBUG - Running detection on frame with conf=0.02, iou=0.55
2025-06-25 11:32:01,153 - INFO - Detected 13 valid boxes. Clamp class count: 1
2025-06-25 11:32:01,166 - DEBUG - Capturing frame...
2025-06-25 11:32:01,385 - DEBUG - Capturing frame...
2025-06-25 11:32:01,604 - DEBUG - Capturing frame...
2025-06-25 11:32:01,822 - DEBUG - Capturing frame...
2025-06-25 11:32:02,040 - DEBUG - Capturing frame...
2025-06-25 11:32:02,175 - INFO - Computed PSNR: 12.24 for SKU NEA_Korea_100ml
2025-06-25 11:32:02,176 - DEBUG - Running detection on frame with conf=0.02, iou=0.55
2025-06-25 11:32:02,256 - INFO - Detected 13 valid boxes. Clamp class count: 1
2025-06-25 11:32:02,260 - DEBUG - Capturing frame...
2025-06-25 11:32:02,480 - DEBUG - Capturing frame...
2025-06-25 11:32:02,700 - DEBUG - Capturing frame...
2025-06-25 11:32:02,849 - WARNING - Invalid JSON format in file. Overwriting.
2025-06-25 11:32:02,877 - INFO - Computed PSNR: 13.52 for SKU NEA_Korea_100ml
2025-06-25 11:32:02,877 - DEBUG - Running detection on frame with conf=0.02, iou=0.55
2025-06-25 11:32:02,956 - INFO - Detected 13 valid boxes. Clamp class count: 1
2025-06-25 11:32:02,965 - DEBUG - Capturing frame...
2025-06-25 11:32:03,184 - DEBUG - Capturing frame...
2025-06-25 11:32:03,400 - DEBUG - Capturing frame...
2025-06-25 11:32:03,618 - DEBUG - Capturing frame...
2025-06-25 11:32:03,743 - INFO - Computed PSNR: 14.59 for SKU NEA_Korea_100ml
2025-06-25 11:32:03,743 - DEBUG - Running detection on frame with conf=0.02, iou=0.55
2025-06-25 11:32:03,885 - INFO - Detected 13 valid boxes. Clamp class count: 1
2025-06-25 11:32:03,900 - DEBUG - Capturing frame...
2025-06-25 11:32:04,120 - DEBUG - Capturing frame...
2025-06-25 11:32:04,339 - DEBUG - Capturing frame...
2025-06-25 11:32:04,491 - INFO - Computed PSNR: 13.33 for SKU NEA_Korea_100ml
2025-06-25 11:32:04,491 - DEBUG - Running detection on frame with conf=0.02, iou=0.55
2025-06-25 11:32:04,621 - INFO - Detected 13 valid boxes. Clamp class count: 1
2025-06-25 11:32:04,636 - DEBUG - Capturing frame...
2025-06-25 11:32:04,854 - DEBUG - Capturing frame...
2025-06-25 11:32:05,071 - DEBUG - Capturing frame...
2025-06-25 11:32:05,291 - DEBUG - Capturing frame...
2025-06-25 11:32:05,420 - INFO - Computed PSNR: 16.01 for SKU NEA_Korea_100ml
2025-06-25 11:32:05,420 - DEBUG - Running detection on frame with conf=0.02, iou=0.55
2025-06-25 11:32:05,477 - INFO - Detected 13 valid boxes. Clamp class count: 1
2025-06-25 11:32:05,481 - DEBUG - Capturing frame...
2025-06-25 11:32:05,697 - DEBUG - Capturing frame...
2025-06-25 11:32:05,915 - DEBUG - Capturing frame...
2025-06-25 11:32:06,132 - DEBUG - Capturing frame...
2025-06-25 11:32:06,351 - DEBUG - Capturing frame...
2025-06-25 11:32:06,519 - INFO - Computed PSNR: 14.60 for SKU NEA_Korea_100ml
2025-06-25 11:32:06,520 - DEBUG - Running detection on frame with conf=0.02, iou=0.55
2025-06-25 11:32:06,768 - INFO - Detected 13 valid boxes. Clamp class count: 1
2025-06-25 11:32:06,775 - DEBUG - Capturing frame...
2025-06-25 11:32:06,993 - DEBUG - Capturing frame...
2025-06-25 11:32:07,211 - DEBUG - Capturing frame...
2025-06-25 11:32:07,441 - DEBUG - Capturing frame...
2025-06-25 11:32:07,662 - DEBUG - Capturing frame...
2025-06-25 11:32:07,879 - DEBUG - Capturing frame...
2025-06-25 11:32:08,097 - DEBUG - Capturing frame...
2025-06-25 11:32:08,317 - DEBUG - Capturing frame...
2025-06-25 11:32:08,537 - DEBUG - Capturing frame...
2025-06-25 11:32:08,754 - DEBUG - Capturing frame...
2025-06-25 11:32:08,973 - DEBUG - Capturing frame...
2025-06-25 11:32:09,191 - DEBUG - Capturing frame...
2025-06-25 11:32:09,410 - DEBUG - Capturing frame...
2025-06-25 11:32:09,627 - DEBUG - Capturing frame...
2025-06-25 11:32:09,856 - DEBUG - Capturing frame...
2025-06-25 11:32:10,088 - DEBUG - Capturing frame...
2025-06-25 11:32:10,308 - DEBUG - Capturing frame...
2025-06-25 11:32:10,527 - DEBUG - Capturing frame...
2025-06-25 11:32:10,576 - INFO - Computed PSNR: 13.21 for SKU NEA_Korea_100ml
2025-06-25 11:32:10,577 - DEBUG - Running detection on frame with conf=0.02, iou=0.55
2025-06-25 11:32:10,663 - INFO - Detected 13 valid boxes. Clamp class count: 1
2025-06-25 11:32:10,669 - DEBUG - Capturing frame...
2025-06-25 11:32:10,888 - DEBUG - Capturing frame...
2025-06-25 11:32:11,108 - DEBUG - Capturing frame...
2025-06-25 11:32:11,328 - DEBUG - Capturing frame...
2025-06-25 11:32:11,478 - INFO - Computed PSNR: 14.31 for SKU NEA_Korea_100ml
2025-06-25 11:32:11,479 - DEBUG - Running detection on frame with conf=0.02, iou=0.55
2025-06-25 11:32:11,741 - INFO - Detected 13 valid boxes. Clamp class count: 1
2025-06-25 11:32:11,755 - DEBUG - Capturing frame...
2025-06-25 11:32:11,975 - DEBUG - Capturing frame...
2025-06-25 11:32:12,195 - DEBUG - Capturing frame...
2025-06-25 11:32:12,256 - INFO - Computed PSNR: 14.07 for SKU NEA_Korea_100ml
2025-06-25 11:32:12,256 - DEBUG - Running detection on frame with conf=0.02, iou=0.55
2025-06-25 11:32:12,312 - INFO - Detected 13 valid boxes. Clamp class count: 1
2025-06-25 11:32:12,321 - DEBUG - Capturing frame...
2025-06-25 11:32:12,540 - DEBUG - Capturing frame...
2025-06-25 11:32:12,758 - DEBUG - Capturing frame...
2025-06-25 11:32:12,976 - DEBUG - Capturing frame...
2025-06-25 11:32:13,131 - INFO - Computed PSNR: 15.34 for SKU NEA_Korea_100ml
2025-06-25 11:32:13,131 - DEBUG - Running detection on frame with conf=0.02, iou=0.55
2025-06-25 11:32:13,166 - INFO - Detected 13 valid boxes. Clamp class count: 1
2025-06-25 11:32:13,181 - DEBUG - Capturing frame...
2025-06-25 11:32:13,396 - DEBUG - Capturing frame...
2025-06-25 11:32:13,628 - DEBUG - Capturing frame...
2025-06-25 11:32:13,846 - DEBUG - Capturing frame...
2025-06-25 11:32:14,063 - DEBUG - Capturing frame...
2025-06-25 11:32:14,123 - INFO - Computed PSNR: 12.75 for SKU NEA_Korea_100ml
2025-06-25 11:32:14,123 - DEBUG - Running detection on frame with conf=0.02, iou=0.55
2025-06-25 11:32:14,196 - INFO - Detected 13 valid boxes. Clamp class count: 1
2025-06-25 11:32:14,204 - DEBUG - Capturing frame...
2025-06-25 11:32:14,423 - DEBUG - Capturing frame...
2025-06-25 11:32:14,643 - DEBUG - Capturing frame...
2025-06-25 11:32:14,898 - INFO - Computed PSNR: 13.87 for SKU NEA_Korea_100ml
2025-06-25 11:32:14,898 - DEBUG - Running detection on frame with conf=0.02, iou=0.55
2025-06-25 11:32:14,971 - INFO - Detected 13 valid boxes. Clamp class count: 1
2025-06-25 11:32:14,985 - DEBUG - Capturing frame...
2025-06-25 11:32:15,204 - DEBUG - Capturing frame...
2025-06-25 11:32:15,424 - DEBUG - Capturing frame...
2025-06-25 11:32:15,678 - INFO - Computed PSNR: 13.93 for SKU NEA_Korea_100ml
2025-06-25 11:32:15,678 - DEBUG - Running detection on frame with conf=0.02, iou=0.55
2025-06-25 11:32:15,789 - INFO - Detected 13 valid boxes. Clamp class count: 1
2025-06-25 11:32:15,797 - DEBUG - Capturing frame...
2025-06-25 11:32:16,017 - DEBUG - Capturing frame...
2025-06-25 11:32:16,235 - DEBUG - Capturing frame...
2025-06-25 11:32:16,454 - DEBUG - Capturing frame...
2025-06-25 11:32:16,582 - INFO - Computed PSNR: 14.67 for SKU NEA_Korea_100ml
2025-06-25 11:32:16,583 - DEBUG - Running detection on frame with conf=0.02, iou=0.55
2025-06-25 11:32:16,691 - INFO - Detected 13 valid boxes. Clamp class count: 1
2025-06-25 11:32:16,703 - DEBUG - Capturing frame...
2025-06-25 11:32:16,921 - DEBUG - Capturing frame...
2025-06-25 11:32:17,140 - DEBUG - Capturing frame...
2025-06-25 11:32:17,360 - DEBUG - Capturing frame...
2025-06-25 11:32:17,463 - INFO - Computed PSNR: 15.11 for SKU NEA_Korea_100ml
2025-06-25 11:32:17,463 - DEBUG - Running detection on frame with conf=0.02, iou=0.55
2025-06-25 11:32:17,745 - INFO - Detected 13 valid boxes. Clamp class count: 1
2025-06-25 11:32:17,752 - DEBUG - Capturing frame...
2025-06-25 11:32:17,983 - DEBUG - Capturing frame...
2025-06-25 11:32:18,204 - DEBUG - Capturing frame...
2025-06-25 11:32:18,328 - INFO - Computed PSNR: 13.74 for SKU NEA_Korea_100ml
2025-06-25 11:32:18,328 - DEBUG - Running detection on frame with conf=0.02, iou=0.55
2025-06-25 11:32:18,380 - INFO - Detected 13 valid boxes. Clamp class count: 1
2025-06-25 11:32:18,394 - DEBUG - Capturing frame...
2025-06-25 11:32:18,614 - DEBUG - Capturing frame...
2025-06-25 11:32:18,832 - DEBUG - Capturing frame...
2025-06-25 11:32:19,052 - DEBUG - Capturing frame...
2025-06-25 11:32:19,175 - INFO - Computed PSNR: 12.46 for SKU NEA_Korea_100ml
2025-06-25 11:32:19,175 - DEBUG - Running detection on frame with conf=0.02, iou=0.55
2025-06-25 11:32:19,248 - INFO - Detected 13 valid boxes. Clamp class count: 1
2025-06-25 11:32:19,256 - DEBUG - Capturing frame...
2025-06-25 11:32:19,475 - DEBUG - Capturing frame...
2025-06-25 11:32:19,694 - DEBUG - Capturing frame...
2025-06-25 11:32:19,912 - DEBUG - Capturing frame...
2025-06-25 11:32:20,125 - INFO - Computed PSNR: 13.42 for SKU NEA_Korea_100ml
2025-06-25 11:32:20,125 - DEBUG - Running detection on frame with conf=0.02, iou=0.55
2025-06-25 11:32:20,182 - INFO - Detected 13 valid boxes. Clamp class count: 1
2025-06-25 11:32:20,196 - DEBUG - Capturing frame...
2025-06-25 11:32:20,416 - DEBUG - Capturing frame...
2025-06-25 11:32:20,634 - DEBUG - Capturing frame...
2025-06-25 11:32:20,851 - DEBUG - Capturing frame...
2025-06-25 11:32:20,906 - INFO - Computed PSNR: 16.99 for SKU NEA_Korea_100ml
2025-06-25 11:32:20,907 - DEBUG - Running detection on frame with conf=0.02, iou=0.55
2025-06-25 11:32:21,113 - INFO - Detected 13 valid boxes. Clamp class count: 1
2025-06-25 11:32:21,118 - DEBUG - Capturing frame...
2025-06-25 11:32:21,335 - DEBUG - Capturing frame...
2025-06-25 11:32:21,552 - DEBUG - Capturing frame...
2025-06-25 11:32:21,769 - INFO - Computed PSNR: 14.36 for SKU NEA_Korea_100ml
2025-06-25 11:32:21,769 - DEBUG - Running detection on frame with conf=0.02, iou=0.55
2025-06-25 11:32:21,869 - INFO - Detected 13 valid boxes. Clamp class count: 1
2025-06-25 11:32:21,879 - DEBUG - Capturing frame...
2025-06-25 11:32:22,100 - DEBUG - Capturing frame...
2025-06-25 11:32:22,319 - DEBUG - Capturing frame...
2025-06-25 11:32:22,537 - DEBUG - Capturing frame...
2025-06-25 11:32:22,617 - INFO - Computed PSNR: 12.57 for SKU NEA_Korea_100ml
2025-06-25 11:32:22,618 - DEBUG - Running detection on frame with conf=0.02, iou=0.55
2025-06-25 11:32:22,671 - INFO - Detected 13 valid boxes. Clamp class count: 1
2025-06-25 11:32:22,679 - DEBUG - Capturing frame...
2025-06-25 11:32:22,897 - DEBUG - Capturing frame...
2025-06-25 11:32:23,117 - DEBUG - Capturing frame...
2025-06-25 11:32:23,337 - DEBUG - Capturing frame...
2025-06-25 11:32:23,487 - INFO - Computed PSNR: 14.86 for SKU NEA_Korea_100ml
2025-06-25 11:32:23,487 - DEBUG - Running detection on frame with conf=0.02, iou=0.55
2025-06-25 11:32:23,555 - INFO - Detected 13 valid boxes. Clamp class count: 1
2025-06-25 11:32:23,572 - DEBUG - Capturing frame...
2025-06-25 11:32:23,789 - DEBUG - Capturing frame...
2025-06-25 11:32:24,009 - DEBUG - Capturing frame...
2025-06-25 11:32:24,230 - DEBUG - Capturing frame...
2025-06-25 11:32:24,330 - INFO - Computed PSNR: 14.12 for SKU NEA_Korea_100ml
2025-06-25 11:32:24,330 - DEBUG - Running detection on frame with conf=0.02, iou=0.55
2025-06-25 11:32:24,396 - INFO - Detected 13 valid boxes. Clamp class count: 1
2025-06-25 11:32:24,404 - DEBUG - Capturing frame...
2025-06-25 11:32:24,623 - DEBUG - Capturing frame...
2025-06-25 11:32:24,842 - DEBUG - Capturing frame...
2025-06-25 11:32:25,059 - DEBUG - Capturing frame...
2025-06-25 11:32:25,233 - INFO - Computed PSNR: 15.22 for SKU NEA_Korea_100ml
2025-06-25 11:32:25,234 - DEBUG - Running detection on frame with conf=0.02, iou=0.55
2025-06-25 11:32:25,398 - INFO - Detected 13 valid boxes. Clamp class count: 1
2025-06-25 11:32:25,403 - DEBUG - Capturing frame...
2025-06-25 11:32:25,624 - DEBUG - Capturing frame...
2025-06-25 11:32:25,841 - DEBUG - Capturing frame...
2025-06-25 11:32:26,061 - DEBUG - Capturing frame...
2025-06-25 11:32:26,282 - DEBUG - Capturing frame...
2025-06-25 11:32:26,484 - INFO - Computed PSNR: 13.19 for SKU NEA_Korea_100ml
2025-06-25 11:32:26,484 - DEBUG - Running detection on frame with conf=0.02, iou=0.55
2025-06-25 11:32:26,590 - INFO - Detected 13 valid boxes. Clamp class count: 1
2025-06-25 11:32:26,597 - DEBUG - Capturing frame...
2025-06-25 11:32:26,814 - DEBUG - Capturing frame...
2025-06-25 11:32:27,032 - DEBUG - Capturing frame...
2025-06-25 11:32:27,252 - DEBUG - Capturing frame...
2025-06-25 11:32:27,471 - DEBUG - Capturing frame...
2025-06-25 11:32:27,690 - DEBUG - Capturing frame...
2025-06-25 11:32:27,909 - DEBUG - Capturing frame...
2025-06-25 11:32:28,126 - DEBUG - Capturing frame...
2025-06-25 11:32:28,346 - DEBUG - Capturing frame...
2025-06-25 11:32:28,566 - DEBUG - Capturing frame...
2025-06-25 11:32:28,798 - DEBUG - Capturing frame...
2025-06-25 11:32:29,017 - DEBUG - Capturing frame...
2025-06-25 11:32:29,233 - DEBUG - Capturing frame...
2025-06-25 11:32:29,452 - DEBUG - Capturing frame...
2025-06-25 11:32:29,671 - DEBUG - Capturing frame...
2025-06-25 11:32:29,890 - DEBUG - Capturing frame...
2025-06-25 11:32:30,110 - DEBUG - Capturing frame...
2025-06-25 11:32:30,142 - WARNING - Invalid JSON format in file. Overwriting.
2025-06-25 11:32:30,184 - INFO - Computed PSNR: 15.70 for SKU NEA_Korea_100ml
2025-06-25 11:32:30,184 - DEBUG - Running detection on frame with conf=0.02, iou=0.55
2025-06-25 11:32:30,369 - INFO - Detected 13 valid boxes. Clamp class count: 1
2025-06-25 11:32:30,377 - DEBUG - Capturing frame...
2025-06-25 11:32:30,596 - DEBUG - Capturing frame...
2025-06-25 11:32:30,816 - DEBUG - Capturing frame...
2025-06-25 11:32:30,949 - INFO - Computed PSNR: 15.87 for SKU NEA_Korea_100ml
2025-06-25 11:32:30,949 - DEBUG - Running detection on frame with conf=0.02, iou=0.55
2025-06-25 11:32:31,003 - INFO - Detected 13 valid boxes. Clamp class count: 1
2025-06-25 11:32:31,005 - DEBUG - Capturing frame...
2025-06-25 11:32:31,224 - DEBUG - Capturing frame...
2025-06-25 11:32:31,444 - DEBUG - Capturing frame...
2025-06-25 11:32:31,663 - DEBUG - Capturing frame...
2025-06-25 11:32:31,817 - INFO - Computed PSNR: 13.93 for SKU NEA_Korea_100ml
2025-06-25 11:32:31,817 - DEBUG - Running detection on frame with conf=0.02, iou=0.55
2025-06-25 11:32:31,874 - INFO - Detected 13 valid boxes. Clamp class count: 1
2025-06-25 11:32:31,884 - DEBUG - Capturing frame...
2025-06-25 11:32:32,102 - DEBUG - Capturing frame...
2025-06-25 11:32:32,319 - DEBUG - Capturing frame...
2025-06-25 11:32:32,540 - DEBUG - Capturing frame...
2025-06-25 11:32:32,658 - INFO - Computed PSNR: 13.05 for SKU NEA_Korea_100ml
2025-06-25 11:32:32,658 - DEBUG - Running detection on frame with conf=0.02, iou=0.55
2025-06-25 11:32:32,711 - INFO - Detected 13 valid boxes. Clamp class count: 1
2025-06-25 11:32:32,728 - DEBUG - Capturing frame...
2025-06-25 11:32:32,947 - DEBUG - Capturing frame...
2025-06-25 11:32:33,168 - DEBUG - Capturing frame...
2025-06-25 11:32:33,401 - DEBUG - Capturing frame...
2025-06-25 11:32:33,596 - INFO - Computed PSNR: 15.02 for SKU NEA_Korea_100ml
2025-06-25 11:32:33,597 - DEBUG - Running detection on frame with conf=0.02, iou=0.55
2025-06-25 11:32:33,651 - INFO - Detected 13 valid boxes. Clamp class count: 1
2025-06-25 11:32:33,669 - DEBUG - Capturing frame...
2025-06-25 11:32:33,887 - DEBUG - Capturing frame...
2025-06-25 11:32:34,105 - DEBUG - Capturing frame...
2025-06-25 11:32:34,325 - DEBUG - Capturing frame...
2025-06-25 11:32:34,403 - INFO - Computed PSNR: 12.97 for SKU NEA_Korea_100ml
2025-06-25 11:32:34,404 - DEBUG - Running detection on frame with conf=0.02, iou=0.55
2025-06-25 11:32:34,462 - INFO - Detected 13 valid boxes. Clamp class count: 1
2025-06-25 11:32:34,466 - DEBUG - Capturing frame...
2025-06-25 11:32:34,683 - DEBUG - Capturing frame...
2025-06-25 11:32:34,901 - DEBUG - Capturing frame...
2025-06-25 11:32:35,120 - DEBUG - Capturing frame...
2025-06-25 11:32:35,223 - INFO - Computed PSNR: 14.33 for SKU NEA_Korea_100ml
2025-06-25 11:32:35,223 - DEBUG - Running detection on frame with conf=0.02, iou=0.55
2025-06-25 11:32:35,276 - INFO - Detected 13 valid boxes. Clamp class count: 1
2025-06-25 11:32:35,291 - DEBUG - Capturing frame...
2025-06-25 11:32:35,510 - DEBUG - Capturing frame...
2025-06-25 11:32:35,729 - DEBUG - Capturing frame...
2025-06-25 11:32:35,959 - DEBUG - Capturing frame...
2025-06-25 11:32:36,141 - INFO - Computed PSNR: 14.50 for SKU NEA_Korea_100ml
2025-06-25 11:32:36,142 - DEBUG - Running detection on frame with conf=0.02, iou=0.55
2025-06-25 11:32:36,555 - INFO - Detected 13 valid boxes. Clamp class count: 1
2025-06-25 11:32:36,558 - DEBUG - Capturing frame...
2025-06-25 11:32:36,776 - DEBUG - Capturing frame...
2025-06-25 11:32:36,947 - INFO - Computed PSNR: 12.89 for SKU NEA_Korea_100ml
2025-06-25 11:32:36,948 - DEBUG - Running detection on frame with conf=0.02, iou=0.55
2025-06-25 11:32:37,002 - INFO - Detected 13 valid boxes. Clamp class count: 1
2025-06-25 11:32:37,011 - DEBUG - Capturing frame...
2025-06-25 11:32:37,230 - DEBUG - Capturing frame...
2025-06-25 11:32:37,447 - DEBUG - Capturing frame...
2025-06-25 11:32:37,667 - DEBUG - Capturing frame...
2025-06-25 11:32:37,873 - INFO - Computed PSNR: 13.74 for SKU NEA_Korea_100ml
2025-06-25 11:32:37,874 - DEBUG - Running detection on frame with conf=0.02, iou=0.55
2025-06-25 11:32:37,931 - INFO - Detected 13 valid boxes. Clamp class count: 1
2025-06-25 11:32:37,947 - DEBUG - Capturing frame...
2025-06-25 11:32:38,166 - DEBUG - Capturing frame...
2025-06-25 11:32:38,386 - DEBUG - Capturing frame...
2025-06-25 11:32:38,608 - DEBUG - Capturing frame...
2025-06-25 11:32:38,732 - INFO - Computed PSNR: 12.73 for SKU NEA_Korea_100ml
2025-06-25 11:32:38,732 - DEBUG - Running detection on frame with conf=0.02, iou=0.55
2025-06-25 11:32:38,791 - INFO - Detected 13 valid boxes. Clamp class count: 1
2025-06-25 11:32:38,795 - DEBUG - Capturing frame...
2025-06-25 11:32:39,012 - DEBUG - Capturing frame...
2025-06-25 11:32:39,244 - DEBUG - Capturing frame...
2025-06-25 11:32:39,463 - DEBUG - Capturing frame...
2025-06-25 11:32:39,537 - INFO - Computed PSNR: 15.04 for SKU NEA_Korea_100ml
2025-06-25 11:32:39,537 - DEBUG - Running detection on frame with conf=0.02, iou=0.55
2025-06-25 11:32:39,642 - INFO - Detected 13 valid boxes. Clamp class count: 1
2025-06-25 11:32:39,653 - DEBUG - Capturing frame...
2025-06-25 11:32:39,869 - DEBUG - Capturing frame...
2025-06-25 11:32:40,101 - DEBUG - Capturing frame...
2025-06-25 11:32:40,319 - DEBUG - Capturing frame...
2025-06-25 11:32:40,393 - INFO - Computed PSNR: 12.57 for SKU NEA_Korea_100ml
2025-06-25 11:32:40,393 - DEBUG - Running detection on frame with conf=0.02, iou=0.55
2025-06-25 11:32:40,499 - INFO - Detected 13 valid boxes. Clamp class count: 1
2025-06-25 11:32:40,508 - DEBUG - Capturing frame...
2025-06-25 11:32:40,728 - DEBUG - Capturing frame...
2025-06-25 11:32:40,945 - DEBUG - Capturing frame...
2025-06-25 11:32:41,165 - DEBUG - Capturing frame...
2025-06-25 11:32:41,224 - INFO - Computed PSNR: 14.43 for SKU NEA_Korea_100ml
2025-06-25 11:32:41,225 - DEBUG - Running detection on frame with conf=0.02, iou=0.55
2025-06-25 11:32:41,343 - INFO - Detected 13 valid boxes. Clamp class count: 1
2025-06-25 11:32:41,354 - DEBUG - Capturing frame...
2025-06-25 11:32:41,574 - DEBUG - Capturing frame...
2025-06-25 11:32:41,780 - DEBUG - Capturing frame...
2025-06-25 11:32:42,014 - DEBUG - Capturing frame...
2025-06-25 11:32:42,098 - INFO - Computed PSNR: 14.34 for SKU NEA_Korea_100ml
2025-06-25 11:32:42,099 - DEBUG - Running detection on frame with conf=0.02, iou=0.55
2025-06-25 11:32:42,362 - INFO - Detected 13 valid boxes. Clamp class count: 1
2025-06-25 11:32:42,375 - DEBUG - Capturing frame...
2025-06-25 11:32:42,596 - DEBUG - Capturing frame...
2025-06-25 11:32:42,815 - DEBUG - Capturing frame...
2025-06-25 11:32:42,982 - INFO - Computed PSNR: 14.29 for SKU NEA_Korea_100ml
2025-06-25 11:32:42,982 - DEBUG - Running detection on frame with conf=0.02, iou=0.55
2025-06-25 11:32:43,039 - INFO - Detected 13 valid boxes. Clamp class count: 1
2025-06-25 11:32:43,048 - DEBUG - Capturing frame...
2025-06-25 11:32:43,267 - DEBUG - Capturing frame...
2025-06-25 11:32:43,485 - DEBUG - Capturing frame...
2025-06-25 11:32:43,728 - INFO - Computed PSNR: 13.16 for SKU NEA_Korea_100ml
2025-06-25 11:32:43,728 - DEBUG - Running detection on frame with conf=0.02, iou=0.55
2025-06-25 11:32:43,759 - INFO - Detected 13 valid boxes. Clamp class count: 1
2025-06-25 11:32:43,769 - DEBUG - Capturing frame...
2025-06-25 11:32:43,999 - DEBUG - Capturing frame...
2025-06-25 11:32:44,216 - DEBUG - Capturing frame...
2025-06-25 11:32:44,432 - DEBUG - Capturing frame...
2025-06-25 11:32:44,641 - INFO - Computed PSNR: 13.74 for SKU NEA_Korea_100ml
2025-06-25 11:32:44,641 - DEBUG - Running detection on frame with conf=0.02, iou=0.55
2025-06-25 11:32:44,686 - INFO - Detected 13 valid boxes. Clamp class count: 1
2025-06-25 11:32:44,698 - DEBUG - Capturing frame...
2025-06-25 11:32:44,916 - DEBUG - Capturing frame...
2025-06-25 11:32:45,135 - DEBUG - Capturing frame...
2025-06-25 11:32:45,356 - DEBUG - Capturing frame...
2025-06-25 11:32:45,507 - INFO - Computed PSNR: 14.63 for SKU NEA_Korea_100ml
2025-06-25 11:32:45,507 - DEBUG - Running detection on frame with conf=0.02, iou=0.55
2025-06-25 11:32:45,593 - INFO - Detected 13 valid boxes. Clamp class count: 1
2025-06-25 11:32:45,608 - DEBUG - Capturing frame...
2025-06-25 11:32:45,826 - DEBUG - Capturing frame...
2025-06-25 11:32:46,045 - DEBUG - Capturing frame...
2025-06-25 11:32:46,262 - DEBUG - Capturing frame...
2025-06-25 11:32:46,391 - INFO - Computed PSNR: 13.64 for SKU NEA_Korea_100ml
2025-06-25 11:32:46,391 - DEBUG - Running detection on frame with conf=0.02, iou=0.55
2025-06-25 11:32:46,485 - INFO - Detected 13 valid boxes. Clamp class count: 1
2025-06-25 11:32:46,500 - DEBUG - Capturing frame...
2025-06-25 11:32:46,718 - DEBUG - Capturing frame...
2025-06-25 11:32:46,936 - DEBUG - Capturing frame...
2025-06-25 11:32:47,168 - INFO - Computed PSNR: 14.83 for SKU NEA_Korea_100ml
2025-06-25 11:32:47,168 - DEBUG - Running detection on frame with conf=0.02, iou=0.55
2025-06-25 11:32:47,267 - INFO - Detected 13 valid boxes. Clamp class count: 1
2025-06-25 11:32:47,280 - DEBUG - Capturing frame...
2025-06-25 11:32:47,500 - DEBUG - Capturing frame...
2025-06-25 11:32:47,719 - DEBUG - Capturing frame...
2025-06-25 11:32:47,937 - DEBUG - Capturing frame...
2025-06-25 11:32:48,052 - INFO - Computed PSNR: 14.91 for SKU NEA_Korea_100ml
2025-06-25 11:32:48,052 - DEBUG - Running detection on frame with conf=0.02, iou=0.55
2025-06-25 11:32:48,217 - INFO - Detected 13 valid boxes. Clamp class count: 1
2025-06-25 11:32:48,232 - DEBUG - Capturing frame...
2025-06-25 11:32:48,450 - DEBUG - Capturing frame...
2025-06-25 11:32:48,671 - DEBUG - Capturing frame...
2025-06-25 11:32:48,878 - DEBUG - Capturing frame...
2025-06-25 11:32:48,919 - INFO - Computed PSNR: 13.58 for SKU NEA_Korea_100ml
2025-06-25 11:32:48,919 - DEBUG - Running detection on frame with conf=0.02, iou=0.55
2025-06-25 11:32:48,950 - INFO - Detected 13 valid boxes. Clamp class count: 1
2025-06-25 11:32:48,953 - DEBUG - Capturing frame...
2025-06-25 11:32:49,156 - DEBUG - Capturing frame...
2025-06-25 11:32:49,359 - DEBUG - Capturing frame...
2025-06-25 11:32:49,562 - DEBUG - Capturing frame...
2025-06-25 11:32:49,765 - DEBUG - Capturing frame...
2025-06-25 11:32:49,969 - DEBUG - Capturing frame...
2025-06-25 11:32:50,172 - DEBUG - Capturing frame...
2025-06-25 11:32:50,376 - DEBUG - Capturing frame...
2025-06-25 11:32:50,579 - DEBUG - Capturing frame...
2025-06-25 11:32:50,781 - DEBUG - Capturing frame...
2025-06-25 11:32:50,879 - INFO - Computed PSNR: 13.04 for SKU NEA_Korea_100ml
2025-06-25 11:32:50,879 - DEBUG - Running detection on frame with conf=0.02, iou=0.55
2025-06-25 11:32:50,938 - INFO - Detected 13 valid boxes. Clamp class count: 1
2025-06-25 11:32:50,941 - DEBUG - Capturing frame...
2025-06-25 11:32:51,143 - DEBUG - Capturing frame...
2025-06-25 11:32:51,346 - DEBUG - Capturing frame...
2025-06-25 11:32:51,549 - DEBUG - Capturing frame...
2025-06-25 11:32:51,752 - DEBUG - Capturing frame...
2025-06-25 11:32:51,956 - DEBUG - Capturing frame...
2025-06-25 11:32:52,160 - DEBUG - Capturing frame...
2025-06-25 11:32:52,364 - DEBUG - Capturing frame...
2025-06-25 11:32:52,566 - DEBUG - Capturing frame...
2025-06-25 11:32:52,770 - DEBUG - Capturing frame...
2025-06-25 11:32:52,974 - DEBUG - Capturing frame...
2025-06-25 11:32:53,176 - DEBUG - Capturing frame...
2025-06-25 11:32:53,378 - DEBUG - Capturing frame...
2025-06-25 11:32:53,580 - DEBUG - Capturing frame...
2025-06-25 11:32:53,783 - DEBUG - Capturing frame...
2025-06-25 11:32:53,986 - DEBUG - Capturing frame...
2025-06-25 11:32:54,190 - DEBUG - Capturing frame...
2025-06-25 11:32:54,424 - INFO - Computed PSNR: 14.06 for SKU NEA_Korea_100ml
2025-06-25 11:32:54,424 - DEBUG - Running detection on frame with conf=0.02, iou=0.55
2025-06-25 11:32:54,579 - INFO - Detected 13 valid boxes. Clamp class count: 1
2025-06-25 11:32:54,582 - DEBUG - Capturing frame...
2025-06-25 11:32:54,785 - DEBUG - Capturing frame...
2025-06-25 11:32:54,987 - DEBUG - Capturing frame...
2025-06-25 11:32:55,190 - DEBUG - Capturing frame...
2025-06-25 11:32:55,300 - INFO - Computed PSNR: 13.49 for SKU NEA_Korea_100ml
2025-06-25 11:32:55,301 - DEBUG - Running detection on frame with conf=0.02, iou=0.55
2025-06-25 11:32:55,333 - INFO - Detected 13 valid boxes. Clamp class count: 1
2025-06-25 11:32:55,336 - DEBUG - Capturing frame...
2025-06-25 11:32:55,538 - DEBUG - Capturing frame...
2025-06-25 11:32:55,741 - DEBUG - Capturing frame...
2025-06-25 11:32:55,943 - DEBUG - Capturing frame...
2025-06-25 11:32:56,155 - INFO - Computed PSNR: 12.41 for SKU NEA_Korea_100ml
2025-06-25 11:32:56,155 - DEBUG - Running detection on frame with conf=0.02, iou=0.55
2025-06-25 11:32:56,187 - INFO - Detected 13 valid boxes. Clamp class count: 1
2025-06-25 11:32:56,190 - DEBUG - Capturing frame...
2025-06-25 11:32:56,393 - DEBUG - Capturing frame...
2025-06-25 11:32:56,596 - DEBUG - Capturing frame...
2025-06-25 11:32:56,799 - DEBUG - Capturing frame...
2025-06-25 11:32:56,995 - INFO - Computed PSNR: 14.01 for SKU NEA_Korea_100ml
2025-06-25 11:32:56,996 - DEBUG - Running detection on frame with conf=0.02, iou=0.55
2025-06-25 11:32:57,042 - INFO - Detected 13 valid boxes. Clamp class count: 1
2025-06-25 11:32:57,045 - DEBUG - Capturing frame...
2025-06-25 11:32:57,248 - DEBUG - Capturing frame...
2025-06-25 11:32:57,451 - DEBUG - Capturing frame...
2025-06-25 11:32:57,654 - DEBUG - Capturing frame...
2025-06-25 11:32:57,865 - INFO - Computed PSNR: 14.98 for SKU NEA_Korea_100ml
2025-06-25 11:32:57,865 - DEBUG - Running detection on frame with conf=0.02, iou=0.55
2025-06-25 11:32:57,921 - INFO - Detected 13 valid boxes. Clamp class count: 1
2025-06-25 11:32:57,924 - DEBUG - Capturing frame...
2025-06-25 11:32:58,126 - DEBUG - Capturing frame...
2025-06-25 11:32:58,329 - DEBUG - Capturing frame...
2025-06-25 11:32:58,532 - DEBUG - Capturing frame...
2025-06-25 11:32:58,726 - INFO - Computed PSNR: 13.41 for SKU NEA_Korea_100ml
2025-06-25 11:32:58,726 - DEBUG - Running detection on frame with conf=0.02, iou=0.55
2025-06-25 11:32:58,847 - INFO - Detected 13 valid boxes. Clamp class count: 1
2025-06-25 11:32:58,851 - DEBUG - Capturing frame...
2025-06-25 11:32:59,053 - DEBUG - Capturing frame...
2025-06-25 11:32:59,257 - DEBUG - Capturing frame...
2025-06-25 11:32:59,460 - DEBUG - Capturing frame...
2025-06-25 11:32:59,523 - INFO - Computed PSNR: 15.39 for SKU NEA_Korea_100ml
2025-06-25 11:32:59,523 - DEBUG - Running detection on frame with conf=0.02, iou=0.55
2025-06-25 11:32:59,909 - INFO - Detected 13 valid boxes. Clamp class count: 1
2025-06-25 11:32:59,912 - DEBUG - Capturing frame...
2025-06-25 11:33:00,114 - DEBUG - Capturing frame...
2025-06-25 11:33:00,316 - DEBUG - Capturing frame...
2025-06-25 11:33:00,492 - INFO - Computed PSNR: 13.28 for SKU NEA_Korea_100ml
2025-06-25 11:33:00,492 - DEBUG - Running detection on frame with conf=0.02, iou=0.55
2025-06-25 11:33:00,523 - INFO - Detected 13 valid boxes. Clamp class count: 1
2025-06-25 11:33:00,526 - DEBUG - Capturing frame...
2025-06-25 11:33:00,728 - DEBUG - Capturing frame...
2025-06-25 11:33:00,931 - DEBUG - Capturing frame...
2025-06-25 11:33:01,134 - DEBUG - Capturing frame...
2025-06-25 11:33:01,281 - INFO - Computed PSNR: 15.62 for SKU NEA_Korea_100ml
2025-06-25 11:33:01,282 - DEBUG - Running detection on frame with conf=0.02, iou=0.55
2025-06-25 11:33:01,313 - INFO - Detected 13 valid boxes. Clamp class count: 1
2025-06-25 11:33:01,316 - DEBUG - Capturing frame...
2025-06-25 11:33:01,518 - DEBUG - Capturing frame...
2025-06-25 11:33:01,721 - DEBUG - Capturing frame...
2025-06-25 11:33:01,924 - DEBUG - Capturing frame...
2025-06-25 11:33:02,128 - DEBUG - Capturing frame...
2025-06-25 11:33:02,175 - INFO - Computed PSNR: 14.87 for SKU NEA_Korea_100ml
2025-06-25 11:33:02,175 - DEBUG - Running detection on frame with conf=0.02, iou=0.55
2025-06-25 11:33:02,218 - INFO - Detected 13 valid boxes. Clamp class count: 1
2025-06-25 11:33:02,221 - DEBUG - Capturing frame...
2025-06-25 11:33:02,423 - DEBUG - Capturing frame...
2025-06-25 11:33:02,626 - DEBUG - Capturing frame...
2025-06-25 11:33:02,829 - DEBUG - Capturing frame...
2025-06-25 11:33:02,948 - INFO - Computed PSNR: 15.61 for SKU NEA_Korea_100ml
2025-06-25 11:33:02,948 - DEBUG - Running detection on frame with conf=0.02, iou=0.55
2025-06-25 11:33:03,031 - INFO - Detected 13 valid boxes. Clamp class count: 1
2025-06-25 11:33:03,034 - DEBUG - Capturing frame...
2025-06-25 11:33:03,245 - DEBUG - Capturing frame...
2025-06-25 11:33:03,452 - DEBUG - Capturing frame...
2025-06-25 11:33:03,683 - DEBUG - Capturing frame...
2025-06-25 11:33:03,802 - INFO - Computed PSNR: 13.30 for SKU NEA_Korea_100ml
2025-06-25 11:33:03,803 - DEBUG - Running detection on frame with conf=0.02, iou=0.55
2025-06-25 11:33:03,931 - INFO - Detected 13 valid boxes. Clamp class count: 1
2025-06-25 11:33:03,935 - DEBUG - Capturing frame...
2025-06-25 11:33:04,154 - DEBUG - Capturing frame...
2025-06-25 11:33:04,386 - DEBUG - Capturing frame...
2025-06-25 11:33:04,607 - DEBUG - Capturing frame...
2025-06-25 11:33:04,669 - WARNING - Invalid JSON format in file. Overwriting.
2025-06-25 11:33:04,696 - INFO - Computed PSNR: 14.38 for SKU NEA_Korea_100ml
2025-06-25 11:33:04,696 - DEBUG - Running detection on frame with conf=0.02, iou=0.55
2025-06-25 11:33:04,774 - INFO - Detected 13 valid boxes. Clamp class count: 1
2025-06-25 11:33:04,780 - DEBUG - Capturing frame...
2025-06-25 11:33:04,997 - DEBUG - Capturing frame...
2025-06-25 11:33:05,215 - DEBUG - Capturing frame...
2025-06-25 11:33:05,434 - DEBUG - Capturing frame...
2025-06-25 11:33:05,562 - INFO - Computed PSNR: 11.86 for SKU NEA_Korea_100ml
2025-06-25 11:33:05,563 - DEBUG - Running detection on frame with conf=0.02, iou=0.55
2025-06-25 11:33:05,659 - INFO - Detected 13 valid boxes. Clamp class count: 1
2025-06-25 11:33:05,669 - DEBUG - Capturing frame...
2025-06-25 11:33:05,887 - DEBUG - Capturing frame...
2025-06-25 11:33:06,106 - DEBUG - Capturing frame...
2025-06-25 11:33:06,326 - DEBUG - Capturing frame...
2025-06-25 11:33:06,461 - INFO - Computed PSNR: 13.66 for SKU NEA_Korea_100ml
2025-06-25 11:33:06,461 - DEBUG - Running detection on frame with conf=0.02, iou=0.55
2025-06-25 11:33:06,591 - INFO - Detected 13 valid boxes. Clamp class count: 1
2025-06-25 11:33:06,608 - DEBUG - Capturing frame...
2025-06-25 11:33:06,827 - DEBUG - Capturing frame...
2025-06-25 11:33:07,049 - DEBUG - Capturing frame...
2025-06-25 11:33:07,248 - INFO - Computed PSNR: 14.39 for SKU NEA_Korea_100ml
2025-06-25 11:33:07,248 - DEBUG - Running detection on frame with conf=0.02, iou=0.55
2025-06-25 11:33:07,294 - INFO - Detected 13 valid boxes. Clamp class count: 1
2025-06-25 11:33:07,301 - DEBUG - Capturing frame...
2025-06-25 11:33:07,520 - DEBUG - Capturing frame...
2025-06-25 11:33:07,739 - DEBUG - Capturing frame...
2025-06-25 11:33:07,959 - DEBUG - Capturing frame...
2025-06-25 11:33:08,123 - INFO - Computed PSNR: 14.24 for SKU NEA_Korea_100ml
2025-06-25 11:33:08,123 - DEBUG - Running detection on frame with conf=0.02, iou=0.55
2025-06-25 11:33:08,177 - INFO - Detected 13 valid boxes. Clamp class count: 1
2025-06-25 11:33:08,194 - DEBUG - Capturing frame...
2025-06-25 11:33:08,412 - DEBUG - Capturing frame...
2025-06-25 11:33:08,631 - DEBUG - Capturing frame...
2025-06-25 11:33:08,850 - DEBUG - Capturing frame...
2025-06-25 11:33:09,067 - DEBUG - Capturing frame...
2025-06-25 11:33:09,298 - DEBUG - Capturing frame...
2025-06-25 11:33:09,518 - DEBUG - Capturing frame...
2025-06-25 11:33:09,737 - DEBUG - Capturing frame...
2025-06-25 11:33:09,971 - DEBUG - Capturing frame...
2025-06-25 11:33:10,189 - DEBUG - Capturing frame...
2025-06-25 11:33:10,407 - DEBUG - Capturing frame...
2025-06-25 11:33:10,638 - DEBUG - Capturing frame...
2025-06-25 11:33:10,856 - DEBUG - Capturing frame...
2025-06-25 11:33:11,089 - DEBUG - Capturing frame...
2025-06-25 11:33:11,308 - DEBUG - Capturing frame...
2025-06-25 11:33:11,525 - DEBUG - Capturing frame...
2025-06-25 11:33:11,746 - DEBUG - Capturing frame...
2025-06-25 11:33:11,967 - DEBUG - Capturing frame...
2025-06-25 11:33:12,086 - INFO - Computed PSNR: 13.20 for SKU NEA_Korea_100ml
2025-06-25 11:33:12,086 - DEBUG - Running detection on frame with conf=0.02, iou=0.55
2025-06-25 11:33:12,252 - INFO - Detected 13 valid boxes. Clamp class count: 1
2025-06-25 11:33:12,269 - DEBUG - Capturing frame...
2025-06-25 11:33:12,489 - DEBUG - Capturing frame...
2025-06-25 11:33:12,707 - DEBUG - Capturing frame...
2025-06-25 11:33:12,925 - DEBUG - Capturing frame...
2025-06-25 11:33:13,146 - DEBUG - Capturing frame...
2025-06-25 11:33:13,205 - INFO - Computed PSNR: 14.42 for SKU NEA_Korea_100ml
2025-06-25 11:33:13,205 - DEBUG - Running detection on frame with conf=0.02, iou=0.55
2025-06-25 11:33:13,319 - INFO - Detected 13 valid boxes. Clamp class count: 1
2025-06-25 11:33:13,336 - DEBUG - Capturing frame...
2025-06-25 11:33:13,557 - DEBUG - Capturing frame...
2025-06-25 11:33:13,776 - DEBUG - Capturing frame...
2025-06-25 11:33:13,995 - DEBUG - Capturing frame...
2025-06-25 11:33:14,224 - INFO - Computed PSNR: 12.96 for SKU NEA_Korea_100ml
2025-06-25 11:33:14,225 - DEBUG - Running detection on frame with conf=0.02, iou=0.55
2025-06-25 11:33:14,526 - INFO - Detected 13 valid boxes. Clamp class count: 1
2025-06-25 11:33:14,545 - DEBUG - Capturing frame...
2025-06-25 11:33:14,766 - DEBUG - Capturing frame...
2025-06-25 11:33:15,010 - INFO - Computed PSNR: 12.39 for SKU NEA_Korea_100ml
2025-06-25 11:33:15,010 - DEBUG - Running detection on frame with conf=0.02, iou=0.55
2025-06-25 11:33:15,067 - INFO - Detected 13 valid boxes. Clamp class count: 1
2025-06-25 11:33:15,082 - DEBUG - Capturing frame...
2025-06-25 11:33:15,300 - DEBUG - Capturing frame...
2025-06-25 11:33:15,519 - DEBUG - Capturing frame...
2025-06-25 11:33:15,737 - DEBUG - Capturing frame...
2025-06-25 11:33:15,815 - INFO - Computed PSNR: 13.13 for SKU NEA_Korea_100ml
2025-06-25 11:33:15,816 - DEBUG - Running detection on frame with conf=0.02, iou=0.55
2025-06-25 11:33:15,870 - INFO - Detected 13 valid boxes. Clamp class count: 1
2025-06-25 11:33:15,880 - DEBUG - Capturing frame...
2025-06-25 11:33:16,101 - DEBUG - Capturing frame...
2025-06-25 11:33:16,318 - DEBUG - Capturing frame...
2025-06-25 11:33:16,535 - DEBUG - Capturing frame...
2025-06-25 11:33:16,615 - INFO - Computed PSNR: 14.15 for SKU NEA_Korea_100ml
2025-06-25 11:33:16,615 - DEBUG - Running detection on frame with conf=0.02, iou=0.55
2025-06-25 11:33:16,680 - INFO - Detected 13 valid boxes. Clamp class count: 1
2025-06-25 11:33:16,691 - DEBUG - Capturing frame...
2025-06-25 11:33:16,909 - DEBUG - Capturing frame...
2025-06-25 11:33:17,128 - DEBUG - Capturing frame...
2025-06-25 11:33:17,344 - DEBUG - Capturing frame...
2025-06-25 11:33:17,549 - INFO - Computed PSNR: 12.28 for SKU NEA_Korea_100ml
2025-06-25 11:33:17,549 - DEBUG - Running detection on frame with conf=0.02, iou=0.55
2025-06-25 11:33:17,620 - INFO - Detected 13 valid boxes. Clamp class count: 1
2025-06-25 11:33:17,627 - DEBUG - Capturing frame...
2025-06-25 11:33:17,847 - DEBUG - Capturing frame...
2025-06-25 11:33:18,065 - DEBUG - Capturing frame...
2025-06-25 11:33:18,284 - DEBUG - Capturing frame...
2025-06-25 11:33:18,367 - INFO - Computed PSNR: 13.31 for SKU NEA_Korea_100ml
2025-06-25 11:33:18,368 - DEBUG - Running detection on frame with conf=0.02, iou=0.55
2025-06-25 11:33:18,449 - INFO - Detected 13 valid boxes. Clamp class count: 1
2025-06-25 11:33:18,456 - DEBUG - Capturing frame...
2025-06-25 11:33:18,678 - DEBUG - Capturing frame...
2025-06-25 11:33:18,898 - DEBUG - Capturing frame...
2025-06-25 11:33:19,118 - DEBUG - Capturing frame...
2025-06-25 11:33:19,351 - INFO - Computed PSNR: 13.36 for SKU NEA_Korea_100ml
2025-06-25 11:33:19,352 - DEBUG - Running detection on frame with conf=0.02, iou=0.55
2025-06-25 11:33:19,450 - INFO - Detected 13 valid boxes. Clamp class count: 1
2025-06-25 11:33:19,464 - DEBUG - Capturing frame...
2025-06-25 11:33:19,681 - DEBUG - Capturing frame...
2025-06-25 11:33:19,901 - DEBUG - Capturing frame...
2025-06-25 11:33:20,049 - INFO - Computed PSNR: 14.52 for SKU NEA_Korea_100ml
2025-06-25 11:33:20,050 - DEBUG - Running detection on frame with conf=0.02, iou=0.55
2025-06-25 11:33:20,173 - INFO - Detected 13 valid boxes. Clamp class count: 1
2025-06-25 11:33:20,183 - DEBUG - Capturing frame...
2025-06-25 11:33:20,414 - DEBUG - Capturing frame...
2025-06-25 11:33:20,633 - DEBUG - Capturing frame...
2025-06-25 11:33:20,851 - DEBUG - Capturing frame...
2025-06-25 11:33:21,042 - INFO - Computed PSNR: 14.54 for SKU NEA_Korea_100ml
2025-06-25 11:33:21,042 - DEBUG - Running detection on frame with conf=0.02, iou=0.55
2025-06-25 11:33:21,322 - INFO - Detected 13 valid boxes. Clamp class count: 1
2025-06-25 11:33:21,338 - DEBUG - Capturing frame...
2025-06-25 11:33:21,560 - DEBUG - Capturing frame...
2025-06-25 11:33:21,780 - DEBUG - Capturing frame...
2025-06-25 11:33:21,831 - INFO - Computed PSNR: 14.50 for SKU NEA_Korea_100ml
2025-06-25 11:33:21,831 - DEBUG - Running detection on frame with conf=0.02, iou=0.55
2025-06-25 11:33:21,882 - INFO - Detected 13 valid boxes. Clamp class count: 1
2025-06-25 11:33:21,890 - DEBUG - Capturing frame...
2025-06-25 11:33:22,110 - DEBUG - Capturing frame...
2025-06-25 11:33:22,328 - DEBUG - Capturing frame...
2025-06-25 11:33:22,548 - DEBUG - Capturing frame...
2025-06-25 11:33:22,654 - INFO - Computed PSNR: 13.22 for SKU NEA_Korea_100ml
2025-06-25 11:33:22,654 - DEBUG - Running detection on frame with conf=0.02, iou=0.55
2025-06-25 11:33:22,705 - INFO - Detected 13 valid boxes. Clamp class count: 1
2025-06-25 11:33:22,719 - DEBUG - Capturing frame...
2025-06-25 11:33:22,937 - DEBUG - Capturing frame...
2025-06-25 11:33:23,155 - DEBUG - Capturing frame...
2025-06-25 11:33:23,390 - DEBUG - Capturing frame...
2025-06-25 11:33:23,541 - INFO - Computed PSNR: 12.92 for SKU NEA_Korea_100ml
2025-06-25 11:33:23,542 - DEBUG - Running detection on frame with conf=0.02, iou=0.55
2025-06-25 11:33:23,608 - INFO - Detected 13 valid boxes. Clamp class count: 1
2025-06-25 11:33:23,624 - DEBUG - Capturing frame...
2025-06-25 11:33:23,843 - DEBUG - Capturing frame...
2025-06-25 11:33:24,061 - DEBUG - Capturing frame...
2025-06-25 11:33:24,294 - DEBUG - Capturing frame...
2025-06-25 11:33:24,382 - INFO - Computed PSNR: 15.26 for SKU NEA_Korea_100ml
2025-06-25 11:33:24,383 - DEBUG - Running detection on frame with conf=0.02, iou=0.55
2025-06-25 11:33:24,458 - INFO - Detected 13 valid boxes. Clamp class count: 1
2025-06-25 11:33:24,466 - DEBUG - Capturing frame...
2025-06-25 11:33:24,684 - DEBUG - Capturing frame...
2025-06-25 11:33:24,905 - DEBUG - Capturing frame...
2025-06-25 11:33:25,123 - DEBUG - Capturing frame...
2025-06-25 11:33:25,242 - INFO - Computed PSNR: 13.79 for SKU NEA_Korea_100ml
2025-06-25 11:33:25,242 - DEBUG - Running detection on frame with conf=0.02, iou=0.55
2025-06-25 11:33:25,492 - INFO - Detected 13 valid boxes. Clamp class count: 1
2025-06-25 11:33:25,504 - DEBUG - Capturing frame...
2025-06-25 11:33:25,722 - DEBUG - Capturing frame...
2025-06-25 11:33:25,940 - DEBUG - Capturing frame...
2025-06-25 11:33:26,014 - INFO - Computed PSNR: 13.79 for SKU NEA_Korea_100ml
2025-06-25 11:33:26,015 - DEBUG - Running detection on frame with conf=0.02, iou=0.55
2025-06-25 11:33:26,071 - INFO - Detected 13 valid boxes. Clamp class count: 1
2025-06-25 11:33:26,082 - DEBUG - Capturing frame...
2025-06-25 11:33:26,301 - DEBUG - Capturing frame...
2025-06-25 11:33:26,519 - DEBUG - Capturing frame...
2025-06-25 11:33:26,740 - DEBUG - Capturing frame...
2025-06-25 11:33:26,926 - INFO - Computed PSNR: 12.88 for SKU NEA_Korea_100ml
2025-06-25 11:33:26,926 - DEBUG - Running detection on frame with conf=0.02, iou=0.55
2025-06-25 11:33:26,978 - INFO - Detected 13 valid boxes. Clamp class count: 1
2025-06-25 11:33:26,991 - DEBUG - Capturing frame...
2025-06-25 11:33:27,210 - DEBUG - Capturing frame...
2025-06-25 11:33:27,444 - DEBUG - Capturing frame...
2025-06-25 11:33:27,677 - DEBUG - Capturing frame...
2025-06-25 11:33:27,820 - INFO - Computed PSNR: 13.61 for SKU NEA_Korea_100ml
2025-06-25 11:33:27,820 - DEBUG - Running detection on frame with conf=0.02, iou=0.55
2025-06-25 11:33:27,893 - INFO - Detected 13 valid boxes. Clamp class count: 1
2025-06-25 11:33:27,911 - DEBUG - Capturing frame...
2025-06-25 11:33:28,129 - DEBUG - Capturing frame...
2025-06-25 11:33:28,349 - DEBUG - Capturing frame...
2025-06-25 11:33:28,575 - INFO - Computed PSNR: 14.92 for SKU NEA_Korea_100ml
2025-06-25 11:33:28,575 - DEBUG - Running detection on frame with conf=0.02, iou=0.55
2025-06-25 11:33:28,650 - INFO - Detected 13 valid boxes. Clamp class count: 1
2025-06-25 11:33:28,661 - DEBUG - Capturing frame...
2025-06-25 11:33:28,878 - DEBUG - Capturing frame...
2025-06-25 11:33:29,096 - DEBUG - Capturing frame...
2025-06-25 11:33:29,329 - DEBUG - Capturing frame...
2025-06-25 11:33:29,570 - INFO - Computed PSNR: 14.70 for SKU NEA_Korea_100ml
2025-06-25 11:33:29,571 - DEBUG - Running detection on frame with conf=0.02, iou=0.55
2025-06-25 11:33:29,681 - INFO - Detected 13 valid boxes. Clamp class count: 1
2025-06-25 11:33:29,688 - DEBUG - Capturing frame...
2025-06-25 11:33:29,909 - DEBUG - Capturing frame...
2025-06-25 11:33:30,139 - DEBUG - Capturing frame...
2025-06-25 11:33:30,340 - INFO - Computed PSNR: 15.62 for SKU NEA_Korea_100ml
2025-06-25 11:33:30,340 - DEBUG - Running detection on frame with conf=0.02, iou=0.55
2025-06-25 11:33:30,722 - INFO - Detected 13 valid boxes. Clamp class count: 1
2025-06-25 11:33:30,733 - DEBUG - Capturing frame...
2025-06-25 11:33:30,952 - DEBUG - Capturing frame...
2025-06-25 11:33:31,171 - DEBUG - Capturing frame...
2025-06-25 11:33:31,245 - INFO - Computed PSNR: 14.62 for SKU NEA_Korea_100ml
2025-06-25 11:33:31,245 - DEBUG - Running detection on frame with conf=0.02, iou=0.55
2025-06-25 11:33:31,297 - INFO - Detected 13 valid boxes. Clamp class count: 1
2025-06-25 11:33:31,312 - DEBUG - Capturing frame...
2025-06-25 11:33:31,542 - DEBUG - Capturing frame...
2025-06-25 11:33:31,761 - DEBUG - Capturing frame...
2025-06-25 11:33:31,979 - DEBUG - Capturing frame...
2025-06-25 11:33:32,108 - INFO - Computed PSNR: 13.69 for SKU NEA_Korea_100ml
2025-06-25 11:33:32,108 - DEBUG - Running detection on frame with conf=0.02, iou=0.55
2025-06-25 11:33:32,161 - INFO - Detected 13 valid boxes. Clamp class count: 1
2025-06-25 11:33:32,170 - DEBUG - Capturing frame...
2025-06-25 11:33:32,391 - DEBUG - Capturing frame...
2025-06-25 11:33:32,609 - DEBUG - Capturing frame...
2025-06-25 11:33:32,826 - DEBUG - Capturing frame...
2025-06-25 11:33:33,044 - DEBUG - Capturing frame...
2025-06-25 11:33:33,263 - DEBUG - Capturing frame...
2025-06-25 11:33:33,480 - DEBUG - Capturing frame...
2025-06-25 11:33:33,701 - DEBUG - Capturing frame...
2025-06-25 11:33:33,920 - DEBUG - Capturing frame...
2025-06-25 11:33:34,141 - DEBUG - Capturing frame...
2025-06-25 11:33:34,360 - DEBUG - Capturing frame...
2025-06-25 11:33:34,578 - DEBUG - Capturing frame...
2025-06-25 11:33:34,810 - DEBUG - Capturing frame...
2025-06-25 11:33:35,029 - DEBUG - Capturing frame...
2025-06-25 11:33:35,261 - DEBUG - Capturing frame...
2025-06-25 11:33:35,478 - DEBUG - Capturing frame...
2025-06-25 11:33:35,696 - DEBUG - Capturing frame...
2025-06-25 11:33:35,914 - DEBUG - Capturing frame...
2025-06-25 11:33:36,133 - DEBUG - Capturing frame...
2025-06-25 11:33:36,350 - DEBUG - Capturing frame...
2025-06-25 11:33:36,569 - DEBUG - Capturing frame...
2025-06-25 11:33:36,788 - DEBUG - Capturing frame...
2025-06-25 11:33:36,896 - INFO - Computed PSNR: 12.37 for SKU NEA_Korea_100ml
2025-06-25 11:33:36,897 - DEBUG - Running detection on frame with conf=0.02, iou=0.55
2025-06-25 11:33:37,028 - INFO - Detected 13 valid boxes. Clamp class count: 1
2025-06-25 11:33:37,041 - DEBUG - Capturing frame...
2025-06-25 11:33:37,259 - DEBUG - Capturing frame...
2025-06-25 11:33:37,477 - DEBUG - Capturing frame...
2025-06-25 11:33:37,739 - INFO - Computed PSNR: 13.90 for SKU NEA_Korea_100ml
2025-06-25 11:33:37,739 - DEBUG - Running detection on frame with conf=0.02, iou=0.55
2025-06-25 11:33:37,931 - INFO - Detected 13 valid boxes. Clamp class count: 1
2025-06-25 11:33:37,948 - DEBUG - Capturing frame...
2025-06-25 11:33:38,168 - DEBUG - Capturing frame...
2025-06-25 11:33:38,385 - DEBUG - Capturing frame...
2025-06-25 11:33:38,632 - INFO - Computed PSNR: 15.41 for SKU NEA_Korea_100ml
2025-06-25 11:33:38,632 - DEBUG - Running detection on frame with conf=0.02, iou=0.55
2025-06-25 11:33:38,691 - INFO - Detected 13 valid boxes. Clamp class count: 1
2025-06-25 11:33:38,701 - DEBUG - Capturing frame...
2025-06-25 11:33:38,922 - DEBUG - Capturing frame...
2025-06-25 11:33:39,141 - DEBUG - Capturing frame...
2025-06-25 11:33:39,361 - DEBUG - Capturing frame...
2025-06-25 11:33:39,485 - INFO - Computed PSNR: 14.38 for SKU NEA_Korea_100ml
2025-06-25 11:33:39,486 - DEBUG - Running detection on frame with conf=0.02, iou=0.55
2025-06-25 11:33:39,541 - INFO - Detected 13 valid boxes. Clamp class count: 1
2025-06-25 11:33:39,549 - DEBUG - Capturing frame...
2025-06-25 11:33:39,770 - DEBUG - Capturing frame...
2025-06-25 11:33:39,989 - DEBUG - Capturing frame...
2025-06-25 11:33:40,210 - DEBUG - Capturing frame...
2025-06-25 11:33:40,281 - INFO - Computed PSNR: 14.55 for SKU NEA_Korea_100ml
2025-06-25 11:33:40,282 - DEBUG - Running detection on frame with conf=0.02, iou=0.55
2025-06-25 11:33:40,349 - INFO - Detected 13 valid boxes. Clamp class count: 1
2025-06-25 11:33:40,353 - DEBUG - Capturing frame...
2025-06-25 11:33:40,571 - DEBUG - Capturing frame...
2025-06-25 11:33:40,790 - DEBUG - Capturing frame...
2025-06-25 11:33:41,008 - DEBUG - Capturing frame...
2025-06-25 11:33:41,163 - INFO - Computed PSNR: 14.95 for SKU NEA_Korea_100ml
2025-06-25 11:33:41,164 - DEBUG - Running detection on frame with conf=0.02, iou=0.55
2025-06-25 11:33:41,238 - INFO - Detected 13 valid boxes. Clamp class count: 1
2025-06-25 11:33:41,245 - DEBUG - Capturing frame...
2025-06-25 11:33:41,464 - DEBUG - Capturing frame...
2025-06-25 11:33:41,683 - DEBUG - Capturing frame...
2025-06-25 11:33:41,916 - DEBUG - Capturing frame...
2025-06-25 11:33:42,053 - INFO - Computed PSNR: 14.30 for SKU NEA_Korea_100ml
2025-06-25 11:33:42,053 - DEBUG - Running detection on frame with conf=0.02, iou=0.55
2025-06-25 11:33:42,167 - INFO - Detected 13 valid boxes. Clamp class count: 1
2025-06-25 11:33:42,181 - DEBUG - Capturing frame...
2025-06-25 11:33:42,398 - DEBUG - Capturing frame...
2025-06-25 11:33:42,615 - DEBUG - Capturing frame...
2025-06-25 11:33:42,815 - INFO - Computed PSNR: 13.74 for SKU NEA_Korea_100ml
2025-06-25 11:33:42,815 - DEBUG - Running detection on frame with conf=0.02, iou=0.55
2025-06-25 11:33:43,117 - INFO - Detected 13 valid boxes. Clamp class count: 1
2025-06-25 11:33:43,131 - DEBUG - Capturing frame...
2025-06-25 11:33:43,351 - DEBUG - Capturing frame...
2025-06-25 11:33:43,570 - DEBUG - Capturing frame...
2025-06-25 11:33:43,680 - INFO - Computed PSNR: 13.96 for SKU NEA_Korea_100ml
2025-06-25 11:33:43,681 - DEBUG - Running detection on frame with conf=0.02, iou=0.55
2025-06-25 11:33:43,732 - INFO - Detected 13 valid boxes. Clamp class count: 1
2025-06-25 11:33:43,743 - DEBUG - Capturing frame...
2025-06-25 11:33:43,960 - DEBUG - Capturing frame...
2025-06-25 11:33:44,178 - DEBUG - Capturing frame...
2025-06-25 11:33:44,396 - DEBUG - Capturing frame...
2025-06-25 11:33:44,564 - INFO - Computed PSNR: 12.00 for SKU NEA_Korea_100ml
2025-06-25 11:33:44,565 - DEBUG - Running detection on frame with conf=0.02, iou=0.55
2025-06-25 11:33:44,615 - INFO - Detected 13 valid boxes. Clamp class count: 1
2025-06-25 11:33:44,632 - DEBUG - Capturing frame...
2025-06-25 11:33:44,851 - DEBUG - Capturing frame...
2025-06-25 11:33:45,071 - DEBUG - Capturing frame...
2025-06-25 11:33:45,304 - DEBUG - Capturing frame...
2025-06-25 11:33:45,417 - INFO - Computed PSNR: 12.33 for SKU NEA_Korea_100ml
2025-06-25 11:33:45,417 - DEBUG - Running detection on frame with conf=0.02, iou=0.55
2025-06-25 11:33:45,482 - INFO - Detected 13 valid boxes. Clamp class count: 1
2025-06-25 11:33:45,493 - DEBUG - Capturing frame...
2025-06-25 11:33:45,712 - DEBUG - Capturing frame...
2025-06-25 11:33:45,931 - DEBUG - Capturing frame...
2025-06-25 11:33:46,150 - DEBUG - Capturing frame...
2025-06-25 11:33:46,265 - INFO - Computed PSNR: 13.20 for SKU NEA_Korea_100ml
2025-06-25 11:33:46,265 - DEBUG - Running detection on frame with conf=0.02, iou=0.55
2025-06-25 11:33:46,370 - INFO - Detected 13 valid boxes. Clamp class count: 1
2025-06-25 11:33:46,384 - DEBUG - Capturing frame...
2025-06-25 11:33:46,601 - DEBUG - Capturing frame...
2025-06-25 11:33:46,820 - DEBUG - Capturing frame...
2025-06-25 11:33:47,039 - DEBUG - Capturing frame...
2025-06-25 11:33:47,122 - INFO - Computed PSNR: 14.87 for SKU NEA_Korea_100ml
2025-06-25 11:33:47,123 - DEBUG - Running detection on frame with conf=0.02, iou=0.55
2025-06-25 11:33:47,228 - INFO - Detected 13 valid boxes. Clamp class count: 1
2025-06-25 11:33:47,244 - DEBUG - Capturing frame...
2025-06-25 11:33:47,463 - DEBUG - Capturing frame...
2025-06-25 11:33:47,682 - DEBUG - Capturing frame...
2025-06-25 11:33:47,901 - DEBUG - Capturing frame...
2025-06-25 11:33:47,946 - INFO - Computed PSNR: 12.89 for SKU NEA_Korea_100ml
2025-06-25 11:33:47,946 - DEBUG - Running detection on frame with conf=0.02, iou=0.55
2025-06-25 11:33:48,123 - INFO - Detected 13 valid boxes. Clamp class count: 1
2025-06-25 11:33:48,137 - DEBUG - Capturing frame...
2025-06-25 11:33:48,355 - DEBUG - Capturing frame...
2025-06-25 11:33:48,586 - DEBUG - Capturing frame...
2025-06-25 11:33:48,819 - DEBUG - Capturing frame...
2025-06-25 11:33:48,893 - INFO - Computed PSNR: 15.01 for SKU NEA_Korea_100ml
2025-06-25 11:33:48,893 - DEBUG - Running detection on frame with conf=0.02, iou=0.55
2025-06-25 11:33:49,122 - INFO - Detected 13 valid boxes. Clamp class count: 1
2025-06-25 11:33:49,135 - DEBUG - Capturing frame...
2025-06-25 11:33:49,354 - DEBUG - Capturing frame...
2025-06-25 11:33:49,572 - DEBUG - Capturing frame...
2025-06-25 11:33:49,650 - INFO - Computed PSNR: 13.81 for SKU NEA_Korea_100ml
2025-06-25 11:33:49,651 - DEBUG - Running detection on frame with conf=0.02, iou=0.55
2025-06-25 11:33:49,701 - INFO - Detected 13 valid boxes. Clamp class count: 1
2025-06-25 11:33:49,712 - DEBUG - Capturing frame...
2025-06-25 11:33:49,932 - DEBUG - Capturing frame...
2025-06-25 11:33:50,151 - DEBUG - Capturing frame...
2025-06-25 11:33:50,371 - DEBUG - Capturing frame...
2025-06-25 11:33:50,592 - DEBUG - Capturing frame...
2025-06-25 11:33:50,825 - DEBUG - Capturing frame...
2025-06-25 11:33:51,044 - DEBUG - Capturing frame...
2025-06-25 11:33:51,263 - DEBUG - Capturing frame...
2025-06-25 11:33:51,494 - DEBUG - Capturing frame...
2025-06-25 11:33:51,714 - DEBUG - Capturing frame...
2025-06-25 11:33:51,936 - DEBUG - Capturing frame...
2025-06-25 11:33:52,155 - DEBUG - Capturing frame...
2025-06-25 11:33:52,374 - DEBUG - Capturing frame...
2025-06-25 11:33:52,608 - DEBUG - Capturing frame...
2025-06-25 11:33:52,828 - DEBUG - Capturing frame...
2025-06-25 11:33:53,048 - DEBUG - Capturing frame...
2025-06-25 11:33:53,268 - DEBUG - Capturing frame...
2025-06-25 11:33:53,487 - DEBUG - Capturing frame...
2025-06-25 11:33:53,708 - DEBUG - Capturing frame...
2025-06-25 11:33:53,782 - INFO - Computed PSNR: 14.25 for SKU NEA_Korea_100ml
2025-06-25 11:33:53,782 - DEBUG - Running detection on frame with conf=0.02, iou=0.55
2025-06-25 11:33:53,847 - INFO - Detected 13 valid boxes. Clamp class count: 1
2025-06-25 11:33:53,851 - DEBUG - Capturing frame...
2025-06-25 11:33:54,072 - DEBUG - Capturing frame...
2025-06-25 11:33:54,291 - DEBUG - Capturing frame...
2025-06-25 11:33:54,526 - DEBUG - Capturing frame...
2025-06-25 11:33:54,746 - DEBUG - Capturing frame...
2025-06-25 11:33:54,868 - INFO - Computed PSNR: 14.74 for SKU NEA_Korea_100ml
2025-06-25 11:33:54,868 - DEBUG - Running detection on frame with conf=0.02, iou=0.55
2025-06-25 11:33:55,085 - INFO - Detected 13 valid boxes. Clamp class count: 1
2025-06-25 11:33:55,094 - DEBUG - Capturing frame...
2025-06-25 11:33:55,313 - DEBUG - Capturing frame...
2025-06-25 11:33:55,531 - DEBUG - Capturing frame...
2025-06-25 11:33:55,738 - INFO - Computed PSNR: 14.43 for SKU NEA_Korea_100ml
2025-06-25 11:33:55,738 - DEBUG - Running detection on frame with conf=0.02, iou=0.55
2025-06-25 11:33:55,789 - INFO - Detected 13 valid boxes. Clamp class count: 1
2025-06-25 11:33:55,799 - DEBUG - Capturing frame...
2025-06-25 11:33:56,019 - DEBUG - Capturing frame...
2025-06-25 11:33:56,237 - DEBUG - Capturing frame...
2025-06-25 11:33:56,456 - DEBUG - Capturing frame...
2025-06-25 11:33:56,542 - WARNING - Invalid JSON format in file. Overwriting.
2025-06-25 11:33:56,575 - INFO - Computed PSNR: 12.90 for SKU NEA_Korea_100ml
2025-06-25 11:33:56,575 - DEBUG - Running detection on frame with conf=0.02, iou=0.55
2025-06-25 11:33:56,625 - INFO - Detected 13 valid boxes. Clamp class count: 1
2025-06-25 11:33:56,629 - DEBUG - Capturing frame...
2025-06-25 11:33:56,845 - DEBUG - Capturing frame...
2025-06-25 11:33:57,064 - DEBUG - Capturing frame...
2025-06-25 11:33:57,286 - DEBUG - Capturing frame...
2025-06-25 11:33:57,403 - INFO - Computed PSNR: 15.38 for SKU NEA_Korea_100ml
2025-06-25 11:33:57,403 - DEBUG - Running detection on frame with conf=0.02, iou=0.55
2025-06-25 11:33:57,453 - INFO - Detected 13 valid boxes. Clamp class count: 1
2025-06-25 11:33:57,457 - DEBUG - Capturing frame...
2025-06-25 11:33:57,677 - DEBUG - Capturing frame...
2025-06-25 11:33:57,898 - DEBUG - Capturing frame...
2025-06-25 11:33:58,117 - DEBUG - Capturing frame...
2025-06-25 11:33:58,289 - INFO - Computed PSNR: 15.30 for SKU NEA_Korea_100ml
2025-06-25 11:33:58,289 - DEBUG - Running detection on frame with conf=0.02, iou=0.55
2025-06-25 11:33:58,341 - INFO - Detected 13 valid boxes. Clamp class count: 1
2025-06-25 11:33:58,354 - DEBUG - Capturing frame...
2025-06-25 11:33:58,574 - DEBUG - Capturing frame...
2025-06-25 11:33:58,793 - DEBUG - Capturing frame...
2025-06-25 11:33:59,012 - DEBUG - Capturing frame...
2025-06-25 11:33:59,096 - INFO - Computed PSNR: 12.96 for SKU NEA_Korea_100ml
2025-06-25 11:33:59,096 - DEBUG - Running detection on frame with conf=0.02, iou=0.55
2025-06-25 11:33:59,154 - INFO - Detected 13 valid boxes. Clamp class count: 1
2025-06-25 11:33:59,168 - DEBUG - Capturing frame...
2025-06-25 11:33:59,387 - DEBUG - Capturing frame...
2025-06-25 11:33:59,604 - DEBUG - Capturing frame...
2025-06-25 11:33:59,822 - DEBUG - Capturing frame...
2025-06-25 11:33:59,924 - INFO - Computed PSNR: 15.85 for SKU NEA_Korea_100ml
2025-06-25 11:33:59,925 - DEBUG - Running detection on frame with conf=0.02, iou=0.55
2025-06-25 11:33:59,992 - INFO - Detected 13 valid boxes. Clamp class count: 1
2025-06-25 11:34:00,010 - DEBUG - Capturing frame...
2025-06-25 11:34:00,230 - DEBUG - Capturing frame...
2025-06-25 11:34:00,450 - DEBUG - Capturing frame...
2025-06-25 11:34:00,671 - DEBUG - Capturing frame...
2025-06-25 11:34:00,891 - INFO - Computed PSNR: 12.98 for SKU NEA_Korea_100ml
2025-06-25 11:34:00,892 - DEBUG - Running detection on frame with conf=0.02, iou=0.55
2025-06-25 11:34:01,111 - INFO - Detected 13 valid boxes. Clamp class count: 1
2025-06-25 11:34:01,129 - DEBUG - Capturing frame...
2025-06-25 11:34:01,349 - DEBUG - Capturing frame...
2025-06-25 11:34:01,569 - DEBUG - Capturing frame...
2025-06-25 11:34:01,725 - INFO - Computed PSNR: 13.61 for SKU NEA_Korea_100ml
2025-06-25 11:34:01,725 - DEBUG - Running detection on frame with conf=0.02, iou=0.55
2025-06-25 11:34:01,757 - INFO - Detected 13 valid boxes. Clamp class count: 1
2025-06-25 11:34:01,773 - DEBUG - Capturing frame...
2025-06-25 11:34:01,993 - DEBUG - Capturing frame...
2025-06-25 11:34:02,212 - DEBUG - Capturing frame...
2025-06-25 11:34:02,467 - INFO - Computed PSNR: 15.70 for SKU NEA_Korea_100ml
2025-06-25 11:34:02,468 - DEBUG - Running detection on frame with conf=0.02, iou=0.55
2025-06-25 11:34:02,525 - INFO - Detected 13 valid boxes. Clamp class count: 1
2025-06-25 11:34:02,541 - DEBUG - Capturing frame...
2025-06-25 11:34:02,758 - DEBUG - Capturing frame...
2025-06-25 11:34:02,977 - DEBUG - Capturing frame...
2025-06-25 11:34:03,209 - DEBUG - Capturing frame...
2025-06-25 11:34:03,427 - INFO - Computed PSNR: 13.09 for SKU NEA_Korea_100ml
2025-06-25 11:34:03,427 - DEBUG - Running detection on frame with conf=0.02, iou=0.55
2025-06-25 11:34:03,493 - INFO - Detected 13 valid boxes. Clamp class count: 1
2025-06-25 11:34:03,507 - DEBUG - Capturing frame...
2025-06-25 11:34:03,727 - DEBUG - Capturing frame...
2025-06-25 11:34:03,946 - DEBUG - Capturing frame...
2025-06-25 11:34:04,166 - DEBUG - Capturing frame...
2025-06-25 11:34:04,273 - INFO - Computed PSNR: 13.32 for SKU NEA_Korea_100ml
2025-06-25 11:34:04,273 - DEBUG - Running detection on frame with conf=0.02, iou=0.55
2025-06-25 11:34:04,343 - INFO - Detected 13 valid boxes. Clamp class count: 1
2025-06-25 11:34:04,355 - DEBUG - Capturing frame...
2025-06-25 11:34:04,574 - DEBUG - Capturing frame...
2025-06-25 11:34:04,792 - DEBUG - Capturing frame...
2025-06-25 11:34:05,010 - DEBUG - Capturing frame...
2025-06-25 11:34:05,115 - INFO - Computed PSNR: 14.54 for SKU NEA_Korea_100ml
2025-06-25 11:34:05,116 - DEBUG - Running detection on frame with conf=0.02, iou=0.55
2025-06-25 11:34:05,167 - INFO - Detected 13 valid boxes. Clamp class count: 1
2025-06-25 11:34:05,183 - DEBUG - Capturing frame...
2025-06-25 11:34:05,399 - DEBUG - Capturing frame...
2025-06-25 11:34:05,618 - DEBUG - Capturing frame...
2025-06-25 11:34:05,836 - DEBUG - Capturing frame...
2025-06-25 11:34:05,995 - INFO - Computed PSNR: 14.34 for SKU NEA_Korea_100ml
2025-06-25 11:34:05,995 - DEBUG - Running detection on frame with conf=0.02, iou=0.55
2025-06-25 11:34:06,096 - INFO - Detected 13 valid boxes. Clamp class count: 1
2025-06-25 11:34:06,100 - DEBUG - Capturing frame...
2025-06-25 11:34:06,319 - DEBUG - Capturing frame...
2025-06-25 11:34:06,538 - DEBUG - Capturing frame...
2025-06-25 11:34:06,757 - DEBUG - Capturing frame...
2025-06-25 11:34:06,984 - INFO - Computed PSNR: 12.79 for SKU NEA_Korea_100ml
2025-06-25 11:34:06,984 - DEBUG - Running detection on frame with conf=0.02, iou=0.55
2025-06-25 11:34:07,095 - INFO - Detected 13 valid boxes. Clamp class count: 1
2025-06-25 11:34:07,101 - DEBUG - Capturing frame...
2025-06-25 11:34:07,328 - DEBUG - Capturing frame...
2025-06-25 11:34:07,554 - DEBUG - Capturing frame...
2025-06-25 11:34:07,766 - INFO - Computed PSNR: 13.56 for SKU NEA_Korea_100ml
2025-06-25 11:34:07,767 - DEBUG - Running detection on frame with conf=0.02, iou=0.55
2025-06-25 11:34:07,869 - INFO - Detected 13 valid boxes. Clamp class count: 1
2025-06-25 11:34:07,884 - DEBUG - Capturing frame...
2025-06-25 11:34:08,103 - DEBUG - Capturing frame...
2025-06-25 11:34:08,322 - DEBUG - Capturing frame...
2025-06-25 11:34:08,554 - DEBUG - Capturing frame...
2025-06-25 11:34:08,633 - INFO - Computed PSNR: 12.29 for SKU NEA_Korea_100ml
2025-06-25 11:34:08,634 - DEBUG - Running detection on frame with conf=0.02, iou=0.55
2025-06-25 11:34:08,924 - INFO - Detected 13 valid boxes. Clamp class count: 1
2025-06-25 11:34:08,930 - DEBUG - Capturing frame...
2025-06-25 11:34:09,150 - DEBUG - Capturing frame...
2025-06-25 11:34:09,368 - DEBUG - Capturing frame...
2025-06-25 11:34:09,424 - INFO - Computed PSNR: 14.56 for SKU NEA_Korea_100ml
2025-06-25 11:34:09,424 - DEBUG - Running detection on frame with conf=0.02, iou=0.55
2025-06-25 11:34:09,483 - INFO - Detected 13 valid boxes. Clamp class count: 1
2025-06-25 11:34:09,492 - DEBUG - Capturing frame...
2025-06-25 11:34:09,711 - DEBUG - Capturing frame...
2025-06-25 11:34:09,930 - DEBUG - Capturing frame...
2025-06-25 11:34:10,149 - DEBUG - Capturing frame...
2025-06-25 11:34:10,192 - INFO - Computed PSNR: 14.97 for SKU NEA_Korea_100ml
2025-06-25 11:34:10,192 - DEBUG - Running detection on frame with conf=0.02, iou=0.55
2025-06-25 11:34:10,243 - INFO - Detected 13 valid boxes. Clamp class count: 1
2025-06-25 11:34:10,258 - DEBUG - Capturing frame...
2025-06-25 11:34:10,475 - DEBUG - Capturing frame...
2025-06-25 11:34:10,692 - DEBUG - Capturing frame...
2025-06-25 11:34:10,908 - DEBUG - Capturing frame...
2025-06-25 11:34:11,088 - INFO - Computed PSNR: 14.14 for SKU NEA_Korea_100ml
2025-06-25 11:34:11,089 - DEBUG - Running detection on frame with conf=0.02, iou=0.55
2025-06-25 11:34:11,152 - INFO - Detected 13 valid boxes. Clamp class count: 1
2025-06-25 11:34:11,159 - DEBUG - Capturing frame...
2025-06-25 11:34:11,380 - DEBUG - Capturing frame...
2025-06-25 11:34:11,596 - DEBUG - Capturing frame...
2025-06-25 11:34:11,818 - DEBUG - Capturing frame...
2025-06-25 11:34:12,036 - INFO - Computed PSNR: 13.14 for SKU NEA_Korea_100ml
2025-06-25 11:34:12,037 - DEBUG - Running detection on frame with conf=0.02, iou=0.55
2025-06-25 11:34:12,143 - INFO - Detected 13 valid boxes. Clamp class count: 1
2025-06-25 11:34:12,147 - DEBUG - Capturing frame...
2025-06-25 11:34:12,367 - DEBUG - Capturing frame...
2025-06-25 11:34:12,597 - DEBUG - Capturing frame...
2025-06-25 11:34:12,733 - INFO - Computed PSNR: 14.64 for SKU NEA_Korea_100ml
2025-06-25 11:34:12,733 - DEBUG - Running detection on frame with conf=0.02, iou=0.55
2025-06-25 11:34:12,839 - INFO - Detected 13 valid boxes. Clamp class count: 1
2025-06-25 11:34:12,848 - DEBUG - Capturing frame...
2025-06-25 11:34:13,068 - DEBUG - Capturing frame...
2025-06-25 11:34:13,299 - DEBUG - Capturing frame...
2025-06-25 11:34:13,519 - DEBUG - Capturing frame...
2025-06-25 11:34:13,610 - INFO - Computed PSNR: 14.91 for SKU NEA_Korea_100ml
2025-06-25 11:34:13,610 - DEBUG - Running detection on frame with conf=0.02, iou=0.55
2025-06-25 11:34:13,883 - INFO - Detected 13 valid boxes. Clamp class count: 1
2025-06-25 11:34:13,893 - DEBUG - Capturing frame...
2025-06-25 11:34:14,112 - DEBUG - Capturing frame...
2025-06-25 11:34:14,330 - DEBUG - Capturing frame...
2025-06-25 11:34:14,486 - INFO - Computed PSNR: 13.63 for SKU NEA_Korea_100ml
2025-06-25 11:34:14,487 - DEBUG - Running detection on frame with conf=0.02, iou=0.55
2025-06-25 11:34:14,539 - INFO - Detected 13 valid boxes. Clamp class count: 1
2025-06-25 11:34:14,549 - DEBUG - Capturing frame...
2025-06-25 11:34:14,767 - DEBUG - Capturing frame...
2025-06-25 11:34:14,986 - DEBUG - Capturing frame...
2025-06-25 11:34:15,205 - DEBUG - Capturing frame...
2025-06-25 11:34:15,358 - INFO - Computed PSNR: 14.21 for SKU NEA_Korea_100ml
2025-06-25 11:34:15,358 - DEBUG - Running detection on frame with conf=0.02, iou=0.55
2025-06-25 11:34:15,411 - INFO - Detected 13 valid boxes. Clamp class count: 1
2025-06-25 11:34:15,427 - DEBUG - Capturing frame...
2025-06-25 11:34:15,643 - DEBUG - Capturing frame...
2025-06-25 11:34:15,860 - DEBUG - Capturing frame...
2025-06-25 11:34:16,080 - DEBUG - Capturing frame...
2025-06-25 11:34:16,300 - DEBUG - Capturing frame...
2025-06-25 11:34:16,354 - INFO - Computed PSNR: 15.06 for SKU NEA_Korea_100ml
2025-06-25 11:34:16,354 - DEBUG - Running detection on frame with conf=0.02, iou=0.55
2025-06-25 11:34:16,419 - INFO - Detected 13 valid boxes. Clamp class count: 1
2025-06-25 11:34:16,426 - DEBUG - Capturing frame...
2025-06-25 11:34:16,644 - DEBUG - Capturing frame...
2025-06-25 11:34:16,862 - DEBUG - Capturing frame...
2025-06-25 11:34:17,081 - DEBUG - Capturing frame...
2025-06-25 11:34:17,299 - DEBUG - Capturing frame...
2025-06-25 11:34:17,520 - DEBUG - Capturing frame...
2025-06-25 11:34:17,738 - DEBUG - Capturing frame...
2025-06-25 11:34:17,959 - DEBUG - Capturing frame...
2025-06-25 11:34:18,178 - DEBUG - Capturing frame...
2025-06-25 11:34:18,399 - DEBUG - Capturing frame...
2025-06-25 11:34:18,616 - DEBUG - Capturing frame...
2025-06-25 11:34:18,835 - DEBUG - Capturing frame...
2025-06-25 11:34:19,055 - DEBUG - Capturing frame...
2025-06-25 11:34:19,287 - DEBUG - Capturing frame...
2025-06-25 11:34:19,507 - DEBUG - Capturing frame...
2025-06-25 11:34:19,726 - DEBUG - Capturing frame...
2025-06-25 11:34:19,947 - DEBUG - Capturing frame...
2025-06-25 11:34:20,169 - DEBUG - Capturing frame...
2025-06-25 11:34:20,389 - DEBUG - Capturing frame...
2025-06-25 11:34:20,610 - DEBUG - Capturing frame...
2025-06-25 11:34:20,828 - DEBUG - Capturing frame...
2025-06-25 11:34:20,989 - INFO - Computed PSNR: 14.75 for SKU NEA_Korea_100ml
2025-06-25 11:34:20,989 - DEBUG - Running detection on frame with conf=0.02, iou=0.55
2025-06-25 11:34:21,040 - INFO - Detected 13 valid boxes. Clamp class count: 1
2025-06-25 11:34:21,050 - DEBUG - Capturing frame...
2025-06-25 11:34:21,263 - DEBUG - Capturing frame...
2025-06-25 11:34:21,490 - DEBUG - Capturing frame...
2025-06-25 11:34:21,709 - DEBUG - Capturing frame...
2025-06-25 11:34:21,759 - INFO - Computed PSNR: 14.98 for SKU NEA_Korea_100ml
2025-06-25 11:34:21,760 - DEBUG - Running detection on frame with conf=0.02, iou=0.55
2025-06-25 11:34:21,791 - INFO - Detected 13 valid boxes. Clamp class count: 1
2025-06-25 11:34:21,804 - DEBUG - Capturing frame...
2025-06-25 11:34:22,025 - DEBUG - Capturing frame...
2025-06-25 11:34:22,243 - DEBUG - Capturing frame...
2025-06-25 11:34:22,460 - DEBUG - Capturing frame...
2025-06-25 11:34:22,678 - DEBUG - Capturing frame...
2025-06-25 11:34:22,743 - INFO - Computed PSNR: 13.70 for SKU NEA_Korea_100ml
2025-06-25 11:34:22,743 - DEBUG - Running detection on frame with conf=0.02, iou=0.55
2025-06-25 11:34:22,786 - INFO - Detected 13 valid boxes. Clamp class count: 1
2025-06-25 11:34:22,803 - DEBUG - Capturing frame...
2025-06-25 11:34:23,022 - DEBUG - Capturing frame...
2025-06-25 11:34:23,243 - DEBUG - Capturing frame...
2025-06-25 11:34:23,449 - DEBUG - Capturing frame...
2025-06-25 11:34:23,482 - WARNING - Invalid JSON format in file. Overwriting.
2025-06-25 11:34:23,516 - INFO - Computed PSNR: 14.55 for SKU NEA_Korea_100ml
2025-06-25 11:34:23,516 - DEBUG - Running detection on frame with conf=0.02, iou=0.55
2025-06-25 11:34:23,649 - INFO - Detected 13 valid boxes. Clamp class count: 1
2025-06-25 11:34:23,668 - DEBUG - Capturing frame...
2025-06-25 11:34:23,885 - DEBUG - Capturing frame...
2025-06-25 11:34:24,117 - DEBUG - Capturing frame...
2025-06-25 11:34:24,336 - DEBUG - Capturing frame...
2025-06-25 11:34:24,395 - INFO - Computed PSNR: 13.28 for SKU NEA_Korea_100ml
2025-06-25 11:34:24,395 - DEBUG - Running detection on frame with conf=0.02, iou=0.55
2025-06-25 11:34:24,471 - INFO - Detected 13 valid boxes. Clamp class count: 1
2025-06-25 11:34:24,478 - DEBUG - Capturing frame...
2025-06-25 11:34:24,696 - DEBUG - Capturing frame...
2025-06-25 11:34:24,915 - DEBUG - Capturing frame...
2025-06-25 11:34:25,147 - DEBUG - Capturing frame...
2025-06-25 11:34:25,250 - INFO - Computed PSNR: 13.02 for SKU NEA_Korea_100ml
2025-06-25 11:34:25,250 - DEBUG - Running detection on frame with conf=0.02, iou=0.55
2025-06-25 11:34:25,325 - INFO - Detected 13 valid boxes. Clamp class count: 1
2025-06-25 11:34:25,333 - DEBUG - Capturing frame...
2025-06-25 11:34:25,551 - DEBUG - Capturing frame...
2025-06-25 11:34:25,772 - DEBUG - Capturing frame...
2025-06-25 11:34:25,993 - DEBUG - Capturing frame...
2025-06-25 11:34:26,074 - INFO - Computed PSNR: 14.48 for SKU NEA_Korea_100ml
2025-06-25 11:34:26,074 - DEBUG - Running detection on frame with conf=0.02, iou=0.55
2025-06-25 11:34:26,156 - INFO - Detected 13 valid boxes. Clamp class count: 1
2025-06-25 11:34:26,159 - DEBUG - Capturing frame...
2025-06-25 11:34:26,361 - DEBUG - Capturing frame...
2025-06-25 11:34:26,564 - DEBUG - Capturing frame...
2025-06-25 11:34:26,766 - DEBUG - Capturing frame...
2025-06-25 11:34:26,957 - INFO - Computed PSNR: 14.20 for SKU NEA_Korea_100ml
2025-06-25 11:34:26,957 - DEBUG - Running detection on frame with conf=0.02, iou=0.55
2025-06-25 11:34:27,046 - INFO - Detected 13 valid boxes. Clamp class count: 1
2025-06-25 11:34:27,049 - DEBUG - Capturing frame...
2025-06-25 11:34:27,251 - DEBUG - Capturing frame...
2025-06-25 11:34:27,455 - DEBUG - Capturing frame...
2025-06-25 11:34:27,658 - DEBUG - Capturing frame...
2025-06-25 11:34:27,731 - INFO - Computed PSNR: 14.54 for SKU NEA_Korea_100ml
2025-06-25 11:34:27,732 - DEBUG - Running detection on frame with conf=0.02, iou=0.55
2025-06-25 11:34:27,925 - INFO - Detected 13 valid boxes. Clamp class count: 1
2025-06-25 11:34:27,928 - DEBUG - Capturing frame...
2025-06-25 11:34:28,131 - DEBUG - Capturing frame...
2025-06-25 11:34:28,334 - DEBUG - Capturing frame...
2025-06-25 11:34:28,536 - DEBUG - Capturing frame...
2025-06-25 11:34:28,594 - INFO - Computed PSNR: 14.54 for SKU NEA_Korea_100ml
2025-06-25 11:34:28,594 - DEBUG - Running detection on frame with conf=0.02, iou=0.55
2025-06-25 11:34:28,630 - INFO - Detected 13 valid boxes. Clamp class count: 1
2025-06-25 11:34:28,633 - DEBUG - Capturing frame...
2025-06-25 11:34:28,835 - DEBUG - Capturing frame...
2025-06-25 11:34:29,038 - DEBUG - Capturing frame...
2025-06-25 11:34:29,241 - DEBUG - Capturing frame...
2025-06-25 11:34:29,467 - INFO - Computed PSNR: 13.03 for SKU NEA_Korea_100ml
2025-06-25 11:34:29,467 - DEBUG - Running detection on frame with conf=0.02, iou=0.55
2025-06-25 11:34:29,502 - INFO - Detected 13 valid boxes. Clamp class count: 1
2025-06-25 11:34:29,506 - DEBUG - Capturing frame...
2025-06-25 11:34:29,709 - DEBUG - Capturing frame...
2025-06-25 11:34:29,911 - DEBUG - Capturing frame...
2025-06-25 11:34:30,114 - DEBUG - Capturing frame...
2025-06-25 11:34:30,316 - DEBUG - Capturing frame...
2025-06-25 11:34:30,367 - INFO - Computed PSNR: 13.89 for SKU NEA_Korea_100ml
2025-06-25 11:34:30,367 - DEBUG - Running detection on frame with conf=0.02, iou=0.55
2025-06-25 11:34:30,417 - INFO - Detected 13 valid boxes. Clamp class count: 1
2025-06-25 11:34:30,420 - DEBUG - Capturing frame...
2025-06-25 11:34:30,623 - DEBUG - Capturing frame...
2025-06-25 11:34:30,825 - DEBUG - Capturing frame...
2025-06-25 11:34:31,028 - DEBUG - Capturing frame...
2025-06-25 11:34:31,241 - INFO - Computed PSNR: 13.13 for SKU NEA_Korea_100ml
2025-06-25 11:34:31,242 - DEBUG - Running detection on frame with conf=0.02, iou=0.55
2025-06-25 11:34:31,357 - INFO - Detected 13 valid boxes. Clamp class count: 1
2025-06-25 11:34:31,360 - DEBUG - Capturing frame...
2025-06-25 11:34:31,563 - DEBUG - Capturing frame...
2025-06-25 11:34:31,765 - DEBUG - Capturing frame...
2025-06-25 11:34:31,967 - DEBUG - Capturing frame...
2025-06-25 11:34:32,098 - INFO - Computed PSNR: 13.47 for SKU NEA_Korea_100ml
2025-06-25 11:34:32,098 - DEBUG - Running detection on frame with conf=0.02, iou=0.55
2025-06-25 11:34:32,313 - INFO - Detected 13 valid boxes. Clamp class count: 1
2025-06-25 11:34:32,319 - DEBUG - Capturing frame...
2025-06-25 11:34:32,522 - DEBUG - Capturing frame...
2025-06-25 11:34:32,724 - DEBUG - Capturing frame...
2025-06-25 11:34:32,935 - INFO - Computed PSNR: 14.27 for SKU NEA_Korea_100ml
2025-06-25 11:34:32,935 - DEBUG - Running detection on frame with conf=0.02, iou=0.55
2025-06-25 11:34:32,973 - INFO - Detected 13 valid boxes. Clamp class count: 1
2025-06-25 11:34:32,976 - DEBUG - Capturing frame...
2025-06-25 11:34:33,178 - DEBUG - Capturing frame...
2025-06-25 11:34:33,381 - DEBUG - Capturing frame...
2025-06-25 11:34:33,583 - DEBUG - Capturing frame...
2025-06-25 11:34:33,800 - INFO - Computed PSNR: 13.44 for SKU NEA_Korea_100ml
2025-06-25 11:34:33,800 - DEBUG - Running detection on frame with conf=0.02, iou=0.55
2025-06-25 11:34:33,843 - INFO - Detected 13 valid boxes. Clamp class count: 1
2025-06-25 11:34:33,847 - DEBUG - Capturing frame...
2025-06-25 11:34:34,049 - DEBUG - Capturing frame...
2025-06-25 11:34:34,252 - DEBUG - Capturing frame...
2025-06-25 11:34:34,455 - DEBUG - Capturing frame...
2025-06-25 11:34:43,377 - INFO - creating snap7 client
2025-06-25 11:34:43,377 - INFO - connecting to 192.168.21.10:102 rack 0 slot 1
2025-06-25 11:34:43,377 - DEBUG - setting param number 2 to 102
2025-06-25 11:34:43,439 - INFO - Connected to PLC at 192.168.21.10
2025-06-25 11:34:43,439 - INFO - Initializing camera...
2025-06-25 11:34:43,451 - ERROR - CameraInit Failed(32774): No access,Camera has been opened by other programs
2025-06-25 11:34:43,453 - INFO - destroying snap7 client
2025-06-25 11:34:49,085 - INFO - creating snap7 client
2025-06-25 11:34:49,085 - INFO - connecting to 192.168.21.10:102 rack 0 slot 1
2025-06-25 11:34:49,085 - DEBUG - setting param number 2 to 102
2025-06-25 11:34:49,151 - INFO - Connected to PLC at 192.168.21.10
2025-06-25 11:34:49,151 - INFO - Initializing camera...
2025-06-25 11:34:49,504 - INFO - Camera initialized successfully.
2025-06-25 11:34:49,520 - INFO - Using device: cuda
2025-06-25 11:34:49,628 - DEBUG - Capturing frame...
2025-06-25 11:34:49,825 - INFO - Computed PSNR: 13.84 for SKU NEA_Korea_100ml
2025-06-25 11:34:49,825 - DEBUG - Running detection on frame with conf=0.02, iou=0.55
2025-06-25 11:34:50,992 - INFO - Detected 13 valid boxes. Clamp class count: 1
2025-06-25 11:34:51,026 - DEBUG - Capturing frame...
2025-06-25 11:34:51,132 - INFO - Computed PSNR: 13.71 for SKU NEA_Korea_100ml
2025-06-25 11:34:51,132 - DEBUG - Running detection on frame with conf=0.02, iou=0.55
2025-06-25 11:34:51,204 - INFO - Detected 13 valid boxes. Clamp class count: 1
2025-06-25 11:34:51,209 - DEBUG - Capturing frame...
2025-06-25 11:34:51,353 - INFO - creating snap7 client
2025-06-25 11:34:51,353 - INFO - connecting to 192.168.21.10:102 rack 0 slot 1
2025-06-25 11:34:51,353 - DEBUG - setting param number 2 to 102
2025-06-25 11:34:51,411 - DEBUG - Capturing frame...
92.168.21.10
2025-06-25 11:34:51,411 - INFO - Initializing camera...
2025-06-25 11:34:51,427 - ERROR - CameraInit Failed(32774): No access,Camera has been opened by other programs
2025-06-25 11:34:51,429 - INFO - destroying snap7 client
2025-06-25 11:34:51,594 - INFO - Computed PSNR: 12.64 for SKU NEA_Korea_100ml
2025-06-25 11:34:51,595 - DEBUG - Running detection on frame with conf=0.02, iou=0.55
2025-06-25 11:34:51,678 - INFO - Detected 13 valid boxes. Clamp class count: 1
2025-06-25 11:34:51,683 - DEBUG - Capturing frame...
2025-06-25 11:34:51,886 - DEBUG - Capturing frame...
2025-06-25 11:34:52,090 - DEBUG - Capturing frame...
2025-06-25 11:34:52,292 - DEBUG - Capturing frame...
2025-06-25 11:34:52,385 - INFO - Computed PSNR: 14.79 for SKU NEA_Korea_100ml
2025-06-25 11:34:52,385 - DEBUG - Running detection on frame with conf=0.02, iou=0.55
2025-06-25 11:34:52,451 - INFO - Detected 13 valid boxes. Clamp class count: 1
2025-06-25 11:34:52,456 - DEBUG - Capturing frame...
2025-06-25 11:34:52,659 - DEBUG - Capturing frame...
2025-06-25 11:34:52,861 - DEBUG - Capturing frame...
2025-06-25 11:34:53,064 - DEBUG - Capturing frame...
2025-06-25 11:34:53,194 - INFO - Computed PSNR: 13.07 for SKU NEA_Korea_100ml
2025-06-25 11:34:53,195 - DEBUG - Running detection on frame with conf=0.02, iou=0.55
2025-06-25 11:34:53,275 - INFO - Detected 13 valid boxes. Clamp class count: 1
2025-06-25 11:34:53,279 - DEBUG - Capturing frame...
2025-06-25 11:34:53,482 - DEBUG - Capturing frame...
2025-06-25 11:34:53,686 - DEBUG - Capturing frame...
2025-06-25 11:34:53,891 - DEBUG - Capturing frame...
2025-06-25 11:34:54,093 - DEBUG - Capturing frame...
2025-06-25 11:34:54,279 - INFO - Computed PSNR: 13.52 for SKU NEA_Korea_100ml
2025-06-25 11:34:54,279 - DEBUG - Running detection on frame with conf=0.02, iou=0.55
2025-06-25 11:34:54,312 - INFO - Detected 13 valid boxes. Clamp class count: 1
2025-06-25 11:34:54,316 - DEBUG - Capturing frame...
2025-06-25 11:34:54,518 - DEBUG - Capturing frame...
2025-06-25 11:34:54,720 - DEBUG - Capturing frame...
2025-06-25 11:34:54,923 - DEBUG - Capturing frame...
2025-06-25 11:34:55,127 - DEBUG - Capturing frame...
2025-06-25 11:34:55,329 - DEBUG - Capturing frame...
2025-06-25 11:34:55,532 - DEBUG - Capturing frame...
2025-06-25 11:34:55,735 - DEBUG - Capturing frame...
2025-06-25 11:34:55,937 - DEBUG - Capturing frame...
2025-06-25 11:34:56,140 - DEBUG - Capturing frame...
2025-06-25 11:34:56,342 - DEBUG - Capturing frame...
2025-06-25 11:34:56,544 - DEBUG - Capturing frame...
2025-06-25 11:34:56,746 - DEBUG - Capturing frame...
2025-06-25 11:34:56,948 - DEBUG - Capturing frame...
2025-06-25 11:34:57,072 - INFO - creating snap7 client
2025-06-25 11:34:57,072 - INFO - connecting to 192.168.21.10:102 rack 0 slot 1
2025-06-25 11:34:57,072 - DEBUG - setting param number 2 to 102
2025-06-25 11:34:57,132 - INFO - Connected to PLC at 192.168.21.10
2025-06-25 11:34:57,132 - INFO - Initializing camera...
2025-06-25 11:34:57,149 - ERROR - CameraInit Failed(32774): No access,Camera has been opened by other programs
2025-06-25 11:34:57,151 - DEBUG - Capturing frame...
2025-06-25 11:34:57,151 - INFO - destroying snap7 client
2025-06-25 11:34:57,353 - DEBUG - Capturing frame...
2025-06-25 11:34:57,556 - DEBUG - Capturing frame...
2025-06-25 11:34:57,759 - DEBUG - Capturing frame...
2025-06-25 11:34:57,962 - DEBUG - Capturing frame...
2025-06-25 11:34:58,075 - INFO - Computed PSNR: 13.40 for SKU NEA_Korea_100ml
2025-06-25 11:34:58,075 - DEBUG - Running detection on frame with conf=0.02, iou=0.55
2025-06-25 11:34:58,265 - INFO - Detected 13 valid boxes. Clamp class count: 1
2025-06-25 11:34:58,269 - DEBUG - Capturing frame...
2025-06-25 11:34:58,471 - DEBUG - Capturing frame...
2025-06-25 11:34:58,674 - DEBUG - Capturing frame...
2025-06-25 11:34:58,873 - INFO - Computed PSNR: 12.83 for SKU NEA_Korea_100ml
2025-06-25 11:34:58,873 - DEBUG - Running detection on frame with conf=0.02, iou=0.55
2025-06-25 11:34:58,929 - INFO - Detected 13 valid boxes. Clamp class count: 1
2025-06-25 11:34:58,937 - DEBUG - Capturing frame...
2025-06-25 11:34:59,139 - DEBUG - Capturing frame...
2025-06-25 11:34:59,342 - DEBUG - Capturing frame...
2025-06-25 11:34:59,544 - DEBUG - Capturing frame...
2025-06-25 11:34:59,797 - INFO - Computed PSNR: 14.25 for SKU NEA_Korea_100ml
2025-06-25 11:34:59,798 - DEBUG - Running detection on frame with conf=0.02, iou=0.55
2025-06-25 11:34:59,851 - INFO - Detected 13 valid boxes. Clamp class count: 1
2025-06-25 11:34:59,856 - DEBUG - Capturing frame...
2025-06-25 11:35:00,058 - DEBUG - Capturing frame...
2025-06-25 11:35:00,261 - DEBUG - Capturing frame...
2025-06-25 11:35:00,463 - DEBUG - Capturing frame...
2025-06-25 11:35:00,620 - INFO - Computed PSNR: 11.52 for SKU NEA_Korea_100ml
2025-06-25 11:35:00,620 - DEBUG - Running detection on frame with conf=0.02, iou=0.55
2025-06-25 11:35:00,657 - INFO - Detected 13 valid boxes. Clamp class count: 1
2025-06-25 11:35:00,660 - DEBUG - Capturing frame...
2025-06-25 11:35:00,863 - DEBUG - Capturing frame...
2025-06-25 11:35:01,065 - DEBUG - Capturing frame...
2025-06-25 11:35:01,267 - DEBUG - Capturing frame...
2025-06-25 11:35:01,449 - INFO - Computed PSNR: 13.30 for SKU NEA_Korea_100ml
2025-06-25 11:35:01,449 - DEBUG - Running detection on frame with conf=0.02, iou=0.55
2025-06-25 11:35:01,484 - INFO - Detected 13 valid boxes. Clamp class count: 1
2025-06-25 11:35:01,488 - DEBUG - Capturing frame...
2025-06-25 11:35:01,690 - DEBUG - Capturing frame...
2025-06-25 11:35:01,893 - DEBUG - Capturing frame...
2025-06-25 11:35:02,096 - DEBUG - Capturing frame...
2025-06-25 11:35:02,200 - INFO - creating snap7 client
2025-06-25 11:35:02,200 - INFO - connecting to 192.168.21.10:102 rack 0 slot 1
2025-06-25 11:35:02,201 - DEBUG - setting param number 2 to 102
2025-06-25 11:35:02,267 - INFO - Connected to PLC at 192.168.21.10
2025-06-25 11:35:02,267 - INFO - Initializing camera...
2025-06-25 11:35:02,283 - ERROR - CameraInit Failed(32774): No access,Camera has been opened by other programs
2025-06-25 11:35:02,286 - INFO - destroying snap7 client
2025-06-25 11:35:02,318 - INFO - Computed PSNR: 14.64 for SKU NEA_Korea_100ml
2025-06-25 11:35:02,319 - DEBUG - Running detection on frame with conf=0.02, iou=0.55
2025-06-25 11:35:02,365 - INFO - Detected 13 valid boxes. Clamp class count: 1
2025-06-25 11:35:02,369 - DEBUG - Capturing frame...
2025-06-25 11:35:02,571 - DEBUG - Capturing frame...
2025-06-25 11:35:02,773 - DEBUG - Capturing frame...
2025-06-25 11:35:02,976 - DEBUG - Capturing frame...
2025-06-25 11:35:03,176 - INFO - Computed PSNR: 11.88 for SKU NEA_Korea_100ml
2025-06-25 11:35:03,176 - DEBUG - Running detection on frame with conf=0.02, iou=0.55
2025-06-25 11:35:03,212 - INFO - Detected 13 valid boxes. Clamp class count: 1
2025-06-25 11:35:03,216 - DEBUG - Capturing frame...
2025-06-25 11:35:03,419 - DEBUG - Capturing frame...
2025-06-25 11:35:03,621 - DEBUG - Capturing frame...
2025-06-25 11:35:03,824 - DEBUG - Capturing frame...
2025-06-25 11:35:04,038 - INFO - Computed PSNR: 13.55 for SKU NEA_Korea_100ml
2025-06-25 11:35:04,039 - DEBUG - Running detection on frame with conf=0.02, iou=0.55
2025-06-25 11:35:04,080 - INFO - Detected 13 valid boxes. Clamp class count: 1
2025-06-25 11:35:04,083 - DEBUG - Capturing frame...
2025-06-25 11:35:04,286 - DEBUG - Capturing frame...
2025-06-25 11:35:04,488 - DEBUG - Capturing frame...
2025-06-25 11:35:04,691 - DEBUG - Capturing frame...
2025-06-25 11:35:04,872 - INFO - Computed PSNR: 12.92 for SKU NEA_Korea_100ml
2025-06-25 11:35:04,872 - DEBUG - Running detection on frame with conf=0.02, iou=0.55
2025-06-25 11:35:04,907 - INFO - Detected 13 valid boxes. Clamp class count: 1
2025-06-25 11:35:04,910 - DEBUG - Capturing frame...
2025-06-25 11:35:05,112 - DEBUG - Capturing frame...
2025-06-25 11:35:05,315 - DEBUG - Capturing frame...
2025-06-25 11:35:05,517 - DEBUG - Capturing frame...
2025-06-25 11:35:05,717 - INFO - Computed PSNR: 13.94 for SKU NEA_Korea_100ml
2025-06-25 11:35:05,717 - DEBUG - Running detection on frame with conf=0.02, iou=0.55
2025-06-25 11:35:05,800 - INFO - Detected 13 valid boxes. Clamp class count: 1
2025-06-25 11:35:05,804 - DEBUG - Capturing frame...
2025-06-25 11:35:06,006 - DEBUG - Capturing frame...
2025-06-25 11:35:06,208 - DEBUG - Capturing frame...
2025-06-25 11:35:06,410 - DEBUG - Capturing frame...
2025-06-25 11:35:06,600 - INFO - Computed PSNR: 13.84 for SKU NEA_Korea_100ml
2025-06-25 11:35:06,601 - DEBUG - Running detection on frame with conf=0.02, iou=0.55
2025-06-25 11:35:06,664 - INFO - Detected 13 valid boxes. Clamp class count: 1
2025-06-25 11:35:06,667 - DEBUG - Capturing frame...
2025-06-25 11:35:06,872 - DEBUG - Capturing frame...
2025-06-25 11:35:07,047 - INFO - creating snap7 client
2025-06-25 11:35:07,047 - INFO - connecting to 192.168.21.10:102 rack 0 slot 1
2025-06-25 11:35:07,047 - DEBUG - setting param number 2 to 102
2025-06-25 11:35:07,074 - DEBUG - Capturing frame...
2025-06-25 11:35:07,106 - INFO - Connected to PLC at 192.168.21.10
2025-06-25 11:35:07,106 - INFO - Initializing camera...
2025-06-25 11:35:07,119 - ERROR - CameraInit Failed(32774): No access,Camera has been opened by other programs
2025-06-25 11:35:07,121 - INFO - destroying snap7 client
2025-06-25 11:35:07,277 - DEBUG - Capturing frame...
2025-06-25 11:35:07,403 - INFO - Computed PSNR: 13.56 for SKU NEA_Korea_100ml
2025-06-25 11:35:07,403 - DEBUG - Running detection on frame with conf=0.02, iou=0.55
2025-06-25 11:35:07,488 - INFO - Detected 13 valid boxes. Clamp class count: 1
2025-06-25 11:35:07,492 - DEBUG - Capturing frame...
2025-06-25 11:35:07,695 - DEBUG - Capturing frame...
2025-06-25 11:35:07,898 - DEBUG - Capturing frame...
2025-06-25 11:35:08,100 - DEBUG - Capturing frame...
2025-06-25 11:35:08,310 - INFO - Computed PSNR: 12.72 for SKU NEA_Korea_100ml
2025-06-25 11:35:08,310 - DEBUG - Running detection on frame with conf=0.02, iou=0.55
2025-06-25 11:35:08,406 - INFO - Detected 13 valid boxes. Clamp class count: 1
2025-06-25 11:35:08,409 - DEBUG - Capturing frame...
2025-06-25 11:35:08,612 - DEBUG - Capturing frame...
2025-06-25 11:35:08,815 - DEBUG - Capturing frame...
2025-06-25 11:35:09,017 - DEBUG - Capturing frame...
2025-06-25 11:35:09,113 - INFO - Computed PSNR: 13.13 for SKU NEA_Korea_100ml
2025-06-25 11:35:09,113 - DEBUG - Running detection on frame with conf=0.02, iou=0.55
2025-06-25 11:35:09,214 - INFO - Detected 13 valid boxes. Clamp class count: 1
2025-06-25 11:35:09,217 - DEBUG - Capturing frame...
2025-06-25 11:35:09,419 - DEBUG - Capturing frame...
2025-06-25 11:35:09,623 - DEBUG - Capturing frame...
2025-06-25 11:35:09,825 - DEBUG - Capturing frame...
2025-06-25 11:35:10,027 - DEBUG - Capturing frame...
2025-06-25 11:35:10,118 - INFO - Computed PSNR: 12.84 for SKU NEA_Korea_100ml
2025-06-25 11:35:10,119 - DEBUG - Running detection on frame with conf=0.02, iou=0.55
2025-06-25 11:35:10,275 - INFO - Detected 13 valid boxes. Clamp class count: 1
2025-06-25 11:35:10,279 - DEBUG - Capturing frame...
2025-06-25 11:35:10,482 - DEBUG - Capturing frame...
2025-06-25 11:35:10,684 - DEBUG - Capturing frame...
2025-06-25 11:35:10,891 - INFO - Computed PSNR: 13.81 for SKU NEA_Korea_100ml
2025-06-25 11:35:10,892 - DEBUG - Running detection on frame with conf=0.02, iou=0.55
2025-06-25 11:35:11,094 - INFO - Detected 13 valid boxes. Clamp class count: 1
2025-06-25 11:35:11,099 - DEBUG - Capturing frame...
2025-06-25 11:35:11,300 - DEBUG - Capturing frame...
2025-06-25 11:35:11,503 - DEBUG - Capturing frame...
2025-06-25 11:35:11,761 - INFO - Computed PSNR: 11.70 for SKU NEA_Korea_100ml
2025-06-25 11:35:11,762 - DEBUG - Running detection on frame with conf=0.02, iou=0.55
2025-06-25 11:35:11,846 - INFO - Detected 13 valid boxes. Clamp class count: 1
2025-06-25 11:35:11,966 - DEBUG - Capturing frame...
2025-06-25 11:35:12,006 - INFO - creating snap7 client
2025-06-25 11:35:12,006 - INFO - connecting to 192.168.21.10:102 rack 0 slot 1
2025-06-25 11:35:12,006 - DEBUG - setting param number 2 to 102
2025-06-25 11:35:12,069 - INFO - Connected to PLC at 192.168.21.10
2025-06-25 11:35:12,069 - INFO - Initializing camera...
2025-06-25 11:35:12,081 - ERROR - CameraInit Failed(32774): No access,Camera has been opened by other programs
2025-06-25 11:35:12,083 - INFO - destroying snap7 client
2025-06-25 11:35:12,168 - DEBUG - Capturing frame...
2025-06-25 11:35:12,370 - DEBUG - Capturing frame...
2025-06-25 11:35:12,573 - DEBUG - Capturing frame...
2025-06-25 11:35:12,776 - DEBUG - Capturing frame...
2025-06-25 11:35:12,984 - INFO - Computed PSNR: 13.23 for SKU NEA_Korea_100ml
2025-06-25 11:35:12,984 - DEBUG - Running detection on frame with conf=0.02, iou=0.55
2025-06-25 11:35:13,069 - INFO - Detected 13 valid boxes. Clamp class count: 1
2025-06-25 11:35:13,072 - DEBUG - Capturing frame...
2025-06-25 11:35:13,275 - DEBUG - Capturing frame...
2025-06-25 11:35:13,478 - DEBUG - Capturing frame...
2025-06-25 11:35:13,680 - DEBUG - Capturing frame...
2025-06-25 11:35:13,882 - DEBUG - Capturing frame...
2025-06-25 11:35:14,085 - DEBUG - Capturing frame...
2025-06-25 11:35:14,287 - DEBUG - Capturing frame...
2025-06-25 11:35:14,490 - DEBUG - Capturing frame...
2025-06-25 11:35:14,692 - DEBUG - Capturing frame...
2025-06-25 11:35:14,895 - DEBUG - Capturing frame...
2025-06-25 11:35:15,097 - DEBUG - Capturing frame...
2025-06-25 11:35:15,299 - DEBUG - Capturing frame...
2025-06-25 11:35:15,502 - DEBUG - Capturing frame...
2025-06-25 11:35:15,704 - DEBUG - Capturing frame...
2025-06-25 11:35:15,907 - DEBUG - Capturing frame...
2025-06-25 11:35:16,109 - DEBUG - Capturing frame...
2025-06-25 11:35:16,331 - INFO - Computed PSNR: 13.86 for SKU NEA_Korea_100ml
2025-06-25 11:35:16,331 - DEBUG - Running detection on frame with conf=0.02, iou=0.55
2025-06-25 11:35:16,416 - INFO - Detected 13 valid boxes. Clamp class count: 1
2025-06-25 11:35:16,421 - DEBUG - Capturing frame...
2025-06-25 11:35:16,623 - DEBUG - Capturing frame...
2025-06-25 11:35:16,826 - DEBUG - Capturing frame...
2025-06-25 11:35:16,996 - INFO - creating snap7 client
2025-06-25 11:35:16,996 - INFO - connecting to 192.168.21.10:102 rack 0 slot 1
2025-06-25 11:35:16,996 - DEBUG - setting param number 2 to 102
2025-06-25 11:35:17,028 - DEBUG - Capturing frame...
2025-06-25 11:35:17,058 - INFO - Connected to PLC at 192.168.21.10
2025-06-25 11:35:17,058 - INFO - Initializing camera...
2025-06-25 11:35:17,071 - ERROR - CameraInit Failed(32774): No access,Camera has been opened by other programs
2025-06-25 11:35:17,073 - INFO - destroying snap7 client
2025-06-25 11:35:17,114 - INFO - Computed PSNR: 15.50 for SKU NEA_Korea_100ml
2025-06-25 11:35:17,114 - DEBUG - Running detection on frame with conf=0.02, iou=0.55
2025-06-25 11:35:17,206 - INFO - Detected 13 valid boxes. Clamp class count: 1
2025-06-25 11:35:17,210 - DEBUG - Capturing frame...
2025-06-25 11:35:17,412 - DEBUG - Capturing frame...
2025-06-25 11:35:17,618 - DEBUG - Capturing frame...
2025-06-25 11:35:17,838 - DEBUG - Capturing frame...
2025-06-25 11:35:17,978 - INFO - Computed PSNR: 14.45 for SKU NEA_Korea_100ml
2025-06-25 11:35:17,979 - DEBUG - Running detection on frame with conf=0.02, iou=0.55
2025-06-25 11:35:18,029 - INFO - Detected 13 valid boxes. Clamp class count: 1
2025-06-25 11:35:18,039 - DEBUG - Capturing frame...
2025-06-25 11:35:18,262 - DEBUG - Capturing frame...
2025-06-25 11:35:18,480 - DEBUG - Capturing frame...
2025-06-25 11:35:18,700 - DEBUG - Capturing frame...
2025-06-25 11:35:18,881 - INFO - Computed PSNR: 13.79 for SKU NEA_Korea_100ml
2025-06-25 11:35:18,882 - DEBUG - Running detection on frame with conf=0.02, iou=0.55
2025-06-25 11:35:18,937 - INFO - Detected 13 valid boxes. Clamp class count: 1
2025-06-25 11:35:18,950 - DEBUG - Capturing frame...
2025-06-25 11:35:19,172 - DEBUG - Capturing frame...
2025-06-25 11:35:19,391 - DEBUG - Capturing frame...
2025-06-25 11:35:19,613 - DEBUG - Capturing frame...
2025-06-25 11:35:19,834 - DEBUG - Capturing frame...
2025-06-25 11:35:19,923 - INFO - Computed PSNR: 12.81 for SKU NEA_Korea_100ml
2025-06-25 11:35:19,923 - DEBUG - Running detection on frame with conf=0.02, iou=0.55
2025-06-25 11:35:19,990 - INFO - Detected 13 valid boxes. Clamp class count: 1
2025-06-25 11:35:20,007 - DEBUG - Capturing frame...
2025-06-25 11:35:20,225 - DEBUG - Capturing frame...
2025-06-25 11:35:20,444 - DEBUG - Capturing frame...
2025-06-25 11:35:20,647 - INFO - Computed PSNR: 15.27 for SKU NEA_Korea_100ml
2025-06-25 11:35:20,647 - DEBUG - Running detection on frame with conf=0.02, iou=0.55
2025-06-25 11:35:20,723 - INFO - Detected 13 valid boxes. Clamp class count: 1
2025-06-25 11:35:20,741 - DEBUG - Capturing frame...
2025-06-25 11:35:20,963 - DEBUG - Capturing frame...
2025-06-25 11:35:21,184 - DEBUG - Capturing frame...
2025-06-25 11:35:21,400 - INFO - Computed PSNR: 14.40 for SKU NEA_Korea_100ml
2025-06-25 11:35:21,401 - DEBUG - Running detection on frame with conf=0.02, iou=0.55
2025-06-25 11:35:21,483 - INFO - Detected 13 valid boxes. Clamp class count: 1
2025-06-25 11:35:21,502 - DEBUG - Capturing frame...
2025-06-25 11:35:21,722 - DEBUG - Capturing frame...
2025-06-25 11:35:21,944 - DEBUG - Capturing frame...
2025-06-25 11:35:22,164 - DEBUG - Capturing frame...
2025-06-25 11:35:22,274 - INFO - creating snap7 client
2025-06-25 11:35:22,274 - INFO - connecting to 192.168.21.10:102 rack 0 slot 1
2025-06-25 11:35:22,275 - DEBUG - setting param number 2 to 102
2025-06-25 11:35:22,336 - INFO - Connected to PLC at 192.168.21.10
2025-06-25 11:35:22,337 - INFO - Initializing camera...
2025-06-25 11:35:22,361 - ERROR - CameraInit Failed(32774): No access,Camera has been opened by other programs
2025-06-25 11:35:22,364 - INFO - destroying snap7 client
2025-06-25 11:35:22,375 - INFO - Computed PSNR: 13.11 for SKU NEA_Korea_100ml
2025-06-25 11:35:22,375 - DEBUG - Running detection on frame with conf=0.02, iou=0.55
2025-06-25 11:35:22,508 - INFO - Detected 13 valid boxes. Clamp class count: 1
2025-06-25 11:35:22,524 - DEBUG - Capturing frame...
2025-06-25 11:35:22,745 - DEBUG - Capturing frame...
2025-06-25 11:35:22,964 - DEBUG - Capturing frame...
2025-06-25 11:35:23,192 - INFO - Computed PSNR: 14.73 for SKU NEA_Korea_100ml
2025-06-25 11:35:23,192 - DEBUG - Running detection on frame with conf=0.02, iou=0.55
2025-06-25 11:35:23,305 - INFO - Detected 13 valid boxes. Clamp class count: 1
2025-06-25 11:35:23,313 - DEBUG - Capturing frame...
2025-06-25 11:35:23,534 - DEBUG - Capturing frame...
2025-06-25 11:35:23,753 - DEBUG - Capturing frame...
2025-06-25 11:35:23,973 - DEBUG - Capturing frame...
2025-06-25 11:35:24,055 - INFO - Computed PSNR: 13.26 for SKU NEA_Korea_100ml
2025-06-25 11:35:24,055 - DEBUG - Running detection on frame with conf=0.02, iou=0.55
2025-06-25 11:35:24,275 - INFO - Detected 13 valid boxes. Clamp class count: 1
2025-06-25 11:35:24,289 - DEBUG - Capturing frame...
2025-06-25 11:35:24,510 - DEBUG - Capturing frame...
2025-06-25 11:35:24,730 - DEBUG - Capturing frame...
2025-06-25 11:35:24,952 - DEBUG - Capturing frame...
2025-06-25 11:35:25,143 - INFO - Computed PSNR: 14.23 for SKU NEA_Korea_100ml
2025-06-25 11:35:25,144 - DEBUG - Running detection on frame with conf=0.02, iou=0.55
2025-06-25 11:35:25,207 - INFO - Detected 13 valid boxes. Clamp class count: 1
2025-06-25 11:35:25,220 - DEBUG - Capturing frame...
2025-06-25 11:35:25,438 - DEBUG - Capturing frame...
2025-06-25 11:35:25,659 - DEBUG - Capturing frame...
2025-06-25 11:35:25,879 - DEBUG - Capturing frame...
2025-06-25 11:35:26,099 - DEBUG - Capturing frame...
2025-06-25 11:35:26,320 - DEBUG - Capturing frame...
2025-06-25 11:35:26,540 - DEBUG - Capturing frame...
2025-06-25 11:35:26,760 - DEBUG - Capturing frame...
2025-06-25 11:35:26,981 - DEBUG - Capturing frame...
2025-06-25 11:35:27,201 - DEBUG - Capturing frame...
2025-06-25 11:35:27,317 - INFO - creating snap7 client
2025-06-25 11:35:27,318 - INFO - connecting to 192.168.21.10:102 rack 0 slot 1
2025-06-25 11:35:27,318 - DEBUG - setting param number 2 to 102
2025-06-25 11:35:27,380 - INFO - Connected to PLC at 192.168.21.10
2025-06-25 11:35:27,380 - INFO - Initializing camera...
2025-06-25 11:35:27,394 - ERROR - CameraInit Failed(32774): No access,Camera has been opened by other programs
2025-06-25 11:35:27,396 - INFO - destroying snap7 client
2025-06-25 11:35:27,422 - DEBUG - Capturing frame...
2025-06-25 11:35:27,643 - DEBUG - Capturing frame...
2025-06-25 11:35:27,865 - DEBUG - Capturing frame...
2025-06-25 11:35:28,085 - DEBUG - Capturing frame...
2025-06-25 11:35:28,325 - INFO - Computed PSNR: 13.84 for SKU NEA_Korea_100ml
2025-06-25 11:35:28,326 - DEBUG - Running detection on frame with conf=0.02, iou=0.55
2025-06-25 11:35:28,458 - INFO - Detected 13 valid boxes. Clamp class count: 1
2025-06-25 11:35:28,465 - DEBUG - Capturing frame...
2025-06-25 11:35:28,685 - DEBUG - Capturing frame...
2025-06-25 11:35:28,904 - DEBUG - Capturing frame...
2025-06-25 11:35:29,125 - DEBUG - Capturing frame...
2025-06-25 11:35:29,193 - INFO - Computed PSNR: 13.03 for SKU NEA_Korea_100ml
2025-06-25 11:35:29,194 - DEBUG - Running detection on frame with conf=0.02, iou=0.55
2025-06-25 11:35:29,487 - INFO - Detected 13 valid boxes. Clamp class count: 1
2025-06-25 11:35:29,503 - DEBUG - Capturing frame...
2025-06-25 11:35:29,724 - DEBUG - Capturing frame...
2025-06-25 11:35:29,943 - DEBUG - Capturing frame...
2025-06-25 11:35:30,029 - INFO - Computed PSNR: 15.81 for SKU NEA_Korea_100ml
2025-06-25 11:35:30,030 - DEBUG - Running detection on frame with conf=0.02, iou=0.55
2025-06-25 11:35:30,089 - INFO - Detected 13 valid boxes. Clamp class count: 1
2025-06-25 11:35:30,101 - DEBUG - Capturing frame...
2025-06-25 11:35:30,321 - DEBUG - Capturing frame...
2025-06-25 11:35:30,541 - DEBUG - Capturing frame...
2025-06-25 11:35:30,763 - DEBUG - Capturing frame...
2025-06-25 11:35:30,901 - INFO - Computed PSNR: 13.58 for SKU NEA_Korea_100ml
2025-06-25 11:35:30,901 - DEBUG - Running detection on frame with conf=0.02, iou=0.55
2025-06-25 11:35:30,961 - INFO - Detected 13 valid boxes. Clamp class count: 1
2025-06-25 11:35:30,968 - DEBUG - Capturing frame...
2025-06-25 11:35:31,186 - DEBUG - Capturing frame...
2025-06-25 11:35:31,408 - DEBUG - Capturing frame...
2025-06-25 11:35:31,627 - DEBUG - Capturing frame...
2025-06-25 11:35:31,771 - INFO - Computed PSNR: 14.35 for SKU NEA_Korea_100ml
2025-06-25 11:35:31,772 - DEBUG - Running detection on frame with conf=0.02, iou=0.55
2025-06-25 11:35:31,841 - INFO - Detected 13 valid boxes. Clamp class count: 1
2025-06-25 11:35:31,848 - DEBUG - Capturing frame...
2025-06-25 11:35:32,068 - DEBUG - Capturing frame...
2025-06-25 11:35:32,288 - DEBUG - Capturing frame...
2025-06-25 11:35:32,388 - INFO - creating snap7 client
2025-06-25 11:35:32,388 - INFO - connecting to 192.168.21.10:102 rack 0 slot 1
2025-06-25 11:35:32,388 - DEBUG - setting param number 2 to 102
2025-06-25 11:35:32,454 - INFO - Connected to PLC at 192.168.21.10
2025-06-25 11:35:32,454 - INFO - Initializing camera...
2025-06-25 11:35:32,466 - ERROR - CameraInit Failed(32774): No access,Camera has been opened by other programs
2025-06-25 11:35:32,467 - INFO - destroying snap7 client
2025-06-25 11:35:32,509 - DEBUG - Capturing frame...
2025-06-25 11:35:32,593 - INFO - Computed PSNR: 12.75 for SKU NEA_Korea_100ml
2025-06-25 11:35:32,594 - DEBUG - Running detection on frame with conf=0.02, iou=0.55
2025-06-25 11:35:32,682 - INFO - Detected 13 valid boxes. Clamp class count: 1
2025-06-25 11:35:32,698 - DEBUG - Capturing frame...
2025-06-25 11:35:32,919 - DEBUG - Capturing frame...
2025-06-25 11:35:33,139 - DEBUG - Capturing frame...
2025-06-25 11:35:33,360 - DEBUG - Capturing frame...
2025-06-25 11:35:33,424 - INFO - Computed PSNR: 15.25 for SKU NEA_Korea_100ml
2025-06-25 11:35:33,424 - DEBUG - Running detection on frame with conf=0.02, iou=0.55
2025-06-25 11:35:33,499 - INFO - Detected 13 valid boxes. Clamp class count: 1
2025-06-25 11:35:33,517 - DEBUG - Capturing frame...
2025-06-25 11:35:33,734 - DEBUG - Capturing frame...
2025-06-25 11:35:33,955 - DEBUG - Capturing frame...
2025-06-25 11:35:34,176 - DEBUG - Capturing frame...
2025-06-25 11:35:34,304 - INFO - Computed PSNR: 13.68 for SKU NEA_Korea_100ml
2025-06-25 11:35:34,304 - DEBUG - Running detection on frame with conf=0.02, iou=0.55
2025-06-25 11:35:34,684 - INFO - Detected 13 valid boxes. Clamp class count: 1
2025-06-25 11:35:34,697 - DEBUG - Capturing frame...
2025-06-25 11:35:34,917 - DEBUG - Capturing frame...
2025-06-25 11:35:35,138 - DEBUG - Capturing frame...
2025-06-25 11:35:35,220 - INFO - Computed PSNR: 13.42 for SKU NEA_Korea_100ml
2025-06-25 11:35:35,220 - DEBUG - Running detection on frame with conf=0.02, iou=0.55
2025-06-25 11:35:35,276 - INFO - Detected 13 valid boxes. Clamp class count: 1
2025-06-25 11:35:35,293 - DEBUG - Capturing frame...
2025-06-25 11:35:35,510 - DEBUG - Capturing frame...
2025-06-25 11:35:35,730 - DEBUG - Capturing frame...
2025-06-25 11:35:35,949 - DEBUG - Capturing frame...
2025-06-25 11:35:36,063 - INFO - Computed PSNR: 13.11 for SKU NEA_Korea_100ml
2025-06-25 11:35:36,063 - DEBUG - Running detection on frame with conf=0.02, iou=0.55
2025-06-25 11:35:36,117 - INFO - Detected 13 valid boxes. Clamp class count: 1
2025-06-25 11:35:36,123 - DEBUG - Capturing frame...
2025-06-25 11:35:36,343 - DEBUG - Capturing frame...
2025-06-25 11:35:36,565 - DEBUG - Capturing frame...
2025-06-25 11:35:36,785 - DEBUG - Capturing frame...
2025-06-25 11:35:36,910 - INFO - Computed PSNR: 12.51 for SKU NEA_Korea_100ml
2025-06-25 11:35:36,911 - DEBUG - Running detection on frame with conf=0.02, iou=0.55
2025-06-25 11:35:36,983 - INFO - Detected 13 valid boxes. Clamp class count: 1
2025-06-25 11:35:36,991 - DEBUG - Capturing frame...
2025-06-25 11:35:37,211 - DEBUG - Capturing frame...
2025-06-25 11:35:37,252 - INFO - creating snap7 client
2025-06-25 11:35:37,252 - INFO - connecting to 192.168.21.10:102 rack 0 slot 1
2025-06-25 11:35:37,252 - DEBUG - setting param number 2 to 102
2025-06-25 11:35:37,313 - INFO - Connected to PLC at 192.168.21.10
2025-06-25 11:35:37,313 - INFO - Initializing camera...
2025-06-25 11:35:37,325 - ERROR - CameraInit Failed(32774): No access,Camera has been opened by other programs
2025-06-25 11:35:37,326 - INFO - destroying snap7 client
2025-06-25 11:35:37,432 - DEBUG - Capturing frame...
2025-06-25 11:35:37,653 - DEBUG - Capturing frame...
2025-06-25 11:35:37,756 - INFO - Computed PSNR: 14.73 for SKU NEA_Korea_100ml
2025-06-25 11:35:37,756 - DEBUG - Running detection on frame with conf=0.02, iou=0.55
2025-06-25 11:35:38,001 - INFO - Detected 13 valid boxes. Clamp class count: 1
2025-06-25 11:35:38,014 - DEBUG - Capturing frame...
2025-06-25 11:35:38,234 - DEBUG - Capturing frame...
2025-06-25 11:35:38,456 - DEBUG - Capturing frame...
2025-06-25 11:35:38,676 - INFO - Computed PSNR: 12.68 for SKU NEA_Korea_100ml
2025-06-25 11:35:38,676 - DEBUG - Running detection on frame with conf=0.02, iou=0.55
2025-06-25 11:35:38,740 - INFO - Detected 13 valid boxes. Clamp class count: 1
2025-06-25 11:35:38,752 - DEBUG - Capturing frame...
2025-06-25 11:35:38,972 - DEBUG - Capturing frame...
2025-06-25 11:35:39,193 - DEBUG - Capturing frame...
2025-06-25 11:35:39,416 - DEBUG - Capturing frame...
2025-06-25 11:35:39,477 - INFO - Computed PSNR: 13.43 for SKU NEA_Korea_100ml
2025-06-25 11:35:39,477 - DEBUG - Running detection on frame with conf=0.02, iou=0.55
2025-06-25 11:35:39,538 - INFO - Detected 13 valid boxes. Clamp class count: 1
2025-06-25 11:35:39,542 - DEBUG - Capturing frame...
2025-06-25 11:35:39,763 - DEBUG - Capturing frame...
2025-06-25 11:35:39,982 - DEBUG - Capturing frame...
2025-06-25 11:35:40,203 - DEBUG - Capturing frame...
2025-06-25 11:35:40,291 - INFO - Computed PSNR: 14.87 for SKU NEA_Korea_100ml
2025-06-25 11:35:40,291 - DEBUG - Running detection on frame with conf=0.02, iou=0.55
2025-06-25 11:35:40,359 - INFO - Detected 13 valid boxes. Clamp class count: 1
2025-06-25 11:35:40,376 - DEBUG - Capturing frame...
2025-06-25 11:35:40,597 - DEBUG - Capturing frame...
2025-06-25 11:35:40,816 - DEBUG - Capturing frame...
2025-06-25 11:35:41,038 - DEBUG - Capturing frame...
2025-06-25 11:35:41,131 - INFO - Computed PSNR: 12.63 for SKU NEA_Korea_100ml
2025-06-25 11:35:41,131 - DEBUG - Running detection on frame with conf=0.02, iou=0.55
2025-06-25 11:35:41,211 - INFO - Detected 13 valid boxes. Clamp class count: 1
2025-06-25 11:35:41,227 - DEBUG - Capturing frame...
2025-06-25 11:35:41,445 - DEBUG - Capturing frame...
2025-06-25 11:35:41,667 - DEBUG - Capturing frame...
2025-06-25 11:35:41,888 - DEBUG - Capturing frame...
2025-06-25 11:35:42,016 - INFO - Computed PSNR: 13.06 for SKU NEA_Korea_100ml
2025-06-25 11:35:42,016 - DEBUG - Running detection on frame with conf=0.02, iou=0.55
2025-06-25 11:35:42,274 - INFO - Detected 13 valid boxes. Clamp class count: 1
2025-06-25 11:35:42,282 - DEBUG - Capturing frame...
2025-06-25 11:35:42,331 - INFO - creating snap7 client
2025-06-25 11:35:42,331 - INFO - connecting to 192.168.21.10:102 rack 0 slot 1
2025-06-25 11:35:42,331 - DEBUG - setting param number 2 to 102
2025-06-25 11:35:42,393 - INFO - Connected to PLC at 192.168.21.10
2025-06-25 11:35:42,393 - INFO - Initializing camera...
2025-06-25 11:35:42,406 - ERROR - CameraInit Failed(32774): No access,Camera has been opened by other programs
2025-06-25 11:35:42,408 - INFO - destroying snap7 client
2025-06-25 11:35:42,503 - DEBUG - Capturing frame...
2025-06-25 11:35:42,724 - DEBUG - Capturing frame...
2025-06-25 11:35:42,963 - INFO - Computed PSNR: 16.27 for SKU NEA_Korea_100ml
2025-06-25 11:35:42,963 - DEBUG - Running detection on frame with conf=0.02, iou=0.55
2025-06-25 11:35:43,019 - INFO - Detected 13 valid boxes. Clamp class count: 1
2025-06-25 11:35:43,025 - DEBUG - Capturing frame...
2025-06-25 11:35:43,245 - DEBUG - Capturing frame...
2025-06-25 11:35:43,465 - DEBUG - Capturing frame...
2025-06-25 11:35:43,698 - DEBUG - Capturing frame...
2025-06-25 11:35:43,917 - DEBUG - Capturing frame...
2025-06-25 11:35:44,138 - DEBUG - Capturing frame...
2025-06-25 11:35:44,358 - DEBUG - Capturing frame...
2025-06-25 11:35:44,578 - DEBUG - Capturing frame...
2025-06-25 11:35:44,800 - DEBUG - Capturing frame...
2025-06-25 11:35:45,010 - DEBUG - Capturing frame...
2025-06-25 11:35:45,239 - DEBUG - Capturing frame...
2025-06-25 11:35:45,459 - DEBUG - Capturing frame...
2025-06-25 11:35:45,677 - DEBUG - Capturing frame...
2025-06-25 11:35:45,898 - DEBUG - Capturing frame...
2025-06-25 11:35:46,118 - DEBUG - Capturing frame...
2025-06-25 11:35:46,337 - DEBUG - Capturing frame...
2025-06-25 11:35:46,557 - DEBUG - Capturing frame...
2025-06-25 11:35:46,798 - INFO - Computed PSNR: 13.11 for SKU NEA_Korea_100ml
2025-06-25 11:35:46,798 - DEBUG - Running detection on frame with conf=0.02, iou=0.55
2025-06-25 11:35:46,916 - INFO - Detected 13 valid boxes. Clamp class count: 1
2025-06-25 11:35:46,922 - DEBUG - Capturing frame...
2025-06-25 11:35:47,143 - DEBUG - Capturing frame...
2025-06-25 11:35:47,336 - INFO - creating snap7 client
2025-06-25 11:35:47,336 - INFO - connecting to 192.168.21.10:102 rack 0 slot 1
2025-06-25 11:35:47,336 - DEBUG - setting param number 2 to 102
2025-06-25 11:35:47,364 - DEBUG - Capturing frame...
2025-06-25 11:35:47,397 - INFO - Connected to PLC at 192.168.21.10
2025-06-25 11:35:47,397 - INFO - Initializing camera...
2025-06-25 11:35:47,409 - ERROR - CameraInit Failed(32774): No access,Camera has been opened by other programs
2025-06-25 11:35:47,410 - INFO - destroying snap7 client
2025-06-25 11:35:47,585 - DEBUG - Capturing frame...
2025-06-25 11:35:47,807 - DEBUG - Capturing frame...
2025-06-25 11:35:47,909 - INFO - Computed PSNR: 13.22 for SKU NEA_Korea_100ml
2025-06-25 11:35:47,909 - DEBUG - Running detection on frame with conf=0.02, iou=0.55
2025-06-25 11:35:48,047 - INFO - Detected 13 valid boxes. Clamp class count: 1
2025-06-25 11:35:48,058 - DEBUG - Capturing frame...
2025-06-25 11:35:48,278 - DEBUG - Capturing frame...
2025-06-25 11:35:48,496 - DEBUG - Capturing frame...
2025-06-25 11:35:48,743 - INFO - Computed PSNR: 14.90 for SKU NEA_Korea_100ml
2025-06-25 11:35:48,743 - DEBUG - Running detection on frame with conf=0.02, iou=0.55
2025-06-25 11:35:48,901 - INFO - Detected 13 valid boxes. Clamp class count: 1
2025-06-25 11:35:48,918 - DEBUG - Capturing frame...
2025-06-25 11:35:49,140 - DEBUG - Capturing frame...
2025-06-25 11:35:49,358 - DEBUG - Capturing frame...
2025-06-25 11:35:49,477 - INFO - Computed PSNR: 15.45 for SKU NEA_Korea_100ml
2025-06-25 11:35:49,477 - DEBUG - Running detection on frame with conf=0.02, iou=0.55
2025-06-25 11:35:49,510 - INFO - Detected 13 valid boxes. Clamp class count: 1
2025-06-25 11:35:49,515 - DEBUG - Capturing frame...
2025-06-25 11:35:49,737 - DEBUG - Capturing frame...
2025-06-25 11:35:49,943 - DEBUG - Capturing frame...
2025-06-25 11:35:50,146 - DEBUG - Capturing frame...
2025-06-25 11:35:50,348 - DEBUG - Capturing frame...
2025-06-25 11:35:50,442 - INFO - Computed PSNR: 13.63 for SKU NEA_Korea_100ml
2025-06-25 11:35:50,442 - DEBUG - Running detection on frame with conf=0.02, iou=0.55
2025-06-25 11:35:50,472 - INFO - Detected 13 valid boxes. Clamp class count: 1
2025-06-25 11:35:50,475 - DEBUG - Capturing frame...
2025-06-25 11:35:50,677 - DEBUG - Capturing frame...
2025-06-25 11:35:50,880 - DEBUG - Capturing frame...
2025-06-25 11:35:51,082 - DEBUG - Capturing frame...
2025-06-25 11:35:51,302 - INFO - Computed PSNR: 12.93 for SKU NEA_Korea_100ml
2025-06-25 11:35:51,302 - DEBUG - Running detection on frame with conf=0.02, iou=0.55
2025-06-25 11:35:51,351 - INFO - Detected 13 valid boxes. Clamp class count: 1
2025-06-25 11:35:51,354 - DEBUG - Capturing frame...
2025-06-25 11:35:51,557 - DEBUG - Capturing frame...
2025-06-25 11:35:51,760 - DEBUG - Capturing frame...
2025-06-25 11:35:51,962 - DEBUG - Capturing frame...
2025-06-25 11:35:52,127 - INFO - Computed PSNR: 13.71 for SKU NEA_Korea_100ml
2025-06-25 11:35:52,127 - DEBUG - Running detection on frame with conf=0.02, iou=0.55
2025-06-25 11:35:52,217 - INFO - Detected 13 valid boxes. Clamp class count: 1
2025-06-25 11:35:52,220 - DEBUG - Capturing frame...
2025-06-25 11:35:52,417 - INFO - creating snap7 client
2025-06-25 11:35:52,417 - INFO - connecting to 192.168.21.10:102 rack 0 slot 1
2025-06-25 11:35:52,417 - DEBUG - setting param number 2 to 102
2025-06-25 11:35:52,423 - DEBUG - Capturing frame...
2025-06-25 11:35:52,479 - INFO - Connected to PLC at 192.168.21.10
2025-06-25 11:35:52,479 - INFO - Initializing camera...
2025-06-25 11:35:52,491 - ERROR - CameraInit Failed(32774): No access,Camera has been opened by other programs
2025-06-25 11:35:52,492 - INFO - destroying snap7 client
2025-06-25 11:35:52,625 - DEBUG - Capturing frame...
2025-06-25 11:35:52,827 - DEBUG - Capturing frame...
2025-06-25 11:35:53,030 - DEBUG - Capturing frame...
2025-06-25 11:35:53,096 - INFO - Computed PSNR: 13.63 for SKU NEA_Korea_100ml
2025-06-25 11:35:53,096 - DEBUG - Running detection on frame with conf=0.02, iou=0.55
2025-06-25 11:35:53,242 - INFO - Detected 13 valid boxes. Clamp class count: 1
2025-06-25 11:35:53,246 - DEBUG - Capturing frame...
2025-06-25 11:35:53,448 - DEBUG - Capturing frame...
2025-06-25 11:35:53,650 - DEBUG - Capturing frame...
2025-06-25 11:35:53,881 - INFO - Computed PSNR: 14.61 for SKU NEA_Korea_100ml
2025-06-25 11:35:53,881 - DEBUG - Running detection on frame with conf=0.02, iou=0.55
2025-06-25 11:35:53,981 - INFO - Detected 13 valid boxes. Clamp class count: 1
2025-06-25 11:35:53,984 - DEBUG - Capturing frame...
2025-06-25 11:35:54,187 - DEBUG - Capturing frame...
2025-06-25 11:35:54,389 - DEBUG - Capturing frame...
2025-06-25 11:35:54,591 - DEBUG - Capturing frame...
2025-06-25 11:35:54,769 - INFO - Computed PSNR: 13.94 for SKU NEA_Korea_100ml
2025-06-25 11:35:54,770 - DEBUG - Running detection on frame with conf=0.02, iou=0.55
2025-06-25 11:35:54,916 - INFO - Detected 13 valid boxes. Clamp class count: 1
2025-06-25 11:35:54,920 - DEBUG - Capturing frame...
2025-06-25 11:35:55,123 - DEBUG - Capturing frame...
2025-06-25 11:35:55,325 - DEBUG - Capturing frame...
2025-06-25 11:35:55,461 - INFO - Computed PSNR: 12.71 for SKU NEA_Korea_100ml
2025-06-25 11:35:55,461 - DEBUG - Running detection on frame with conf=0.02, iou=0.55
2025-06-25 11:35:55,493 - INFO - Detected 13 valid boxes. Clamp class count: 1
2025-06-25 11:35:55,496 - DEBUG - Capturing frame...
2025-06-25 11:35:55,698 - DEBUG - Capturing frame...
2025-06-25 11:35:55,901 - DEBUG - Capturing frame...
2025-06-25 11:35:56,103 - DEBUG - Capturing frame...
2025-06-25 11:35:56,305 - DEBUG - Capturing frame...
2025-06-25 11:35:56,421 - INFO - Computed PSNR: 14.43 for SKU NEA_Korea_100ml
2025-06-25 11:35:56,422 - DEBUG - Running detection on frame with conf=0.02, iou=0.55
2025-06-25 11:35:56,454 - INFO - Detected 13 valid boxes. Clamp class count: 1
2025-06-25 11:35:56,458 - DEBUG - Capturing frame...
2025-06-25 11:35:56,660 - DEBUG - Capturing frame...
2025-06-25 11:35:56,862 - DEBUG - Capturing frame...
2025-06-25 11:35:57,065 - DEBUG - Capturing frame...
2025-06-25 11:35:57,267 - DEBUG - Capturing frame...
2025-06-25 11:35:57,335 - INFO - Computed PSNR: 13.89 for SKU NEA_Korea_100ml
2025-06-25 11:35:57,336 - DEBUG - Running detection on frame with conf=0.02, iou=0.55
2025-06-25 11:35:57,386 - INFO - Detected 13 valid boxes. Clamp class count: 1
2025-06-25 11:35:57,389 - DEBUG - Capturing frame...
2025-06-25 11:35:57,539 - INFO - creating snap7 client
2025-06-25 11:35:57,539 - INFO - connecting to 192.168.21.10:102 rack 0 slot 1
2025-06-25 11:35:57,539 - DEBUG - setting param number 2 to 102
2025-06-25 11:35:57,591 - DEBUG - Capturing frame...
2025-06-25 11:35:57,603 - INFO - Connected to PLC at 192.168.21.10
2025-06-25 11:35:57,603 - INFO - Initializing camera...
2025-06-25 11:35:57,616 - ERROR - CameraInit Failed(32774): No access,Camera has been opened by other programs
2025-06-25 11:35:57,617 - INFO - destroying snap7 client
2025-06-25 11:35:57,794 - DEBUG - Capturing frame...
2025-06-25 11:35:57,996 - DEBUG - Capturing frame...
2025-06-25 11:35:58,081 - INFO - Computed PSNR: 13.73 for SKU NEA_Korea_100ml
2025-06-25 11:35:58,081 - DEBUG - Running detection on frame with conf=0.02, iou=0.55
2025-06-25 11:35:58,170 - INFO - Detected 13 valid boxes. Clamp class count: 1
2025-06-25 11:35:58,173 - DEBUG - Capturing frame...
2025-06-25 11:35:58,376 - DEBUG - Capturing frame...
2025-06-25 11:35:58,578 - DEBUG - Capturing frame...
2025-06-25 11:35:58,782 - DEBUG - Capturing frame...
2025-06-25 11:35:58,954 - INFO - Computed PSNR: 14.51 for SKU NEA_Korea_100ml
2025-06-25 11:35:58,954 - DEBUG - Running detection on frame with conf=0.02, iou=0.55
2025-06-25 11:35:59,065 - INFO - Detected 13 valid boxes. Clamp class count: 1
2025-06-25 11:35:59,068 - DEBUG - Capturing frame...
2025-06-25 11:35:59,271 - DEBUG - Capturing frame...
2025-06-25 11:35:59,474 - DEBUG - Capturing frame...
2025-06-25 11:35:59,676 - DEBUG - Capturing frame...
2025-06-25 11:35:59,845 - INFO - Computed PSNR: 13.92 for SKU NEA_Korea_100ml
2025-06-25 11:35:59,845 - DEBUG - Running detection on frame with conf=0.02, iou=0.55
2025-06-25 11:36:00,017 - INFO - Detected 13 valid boxes. Clamp class count: 1
2025-06-25 11:36:00,021 - DEBUG - Capturing frame...
2025-06-25 11:36:00,223 - DEBUG - Capturing frame...
2025-06-25 11:36:00,426 - DEBUG - Capturing frame...
2025-06-25 11:36:00,590 - INFO - Computed PSNR: 12.61 for SKU NEA_Korea_100ml
2025-06-25 11:36:00,591 - DEBUG - Running detection on frame with conf=0.02, iou=0.55
2025-06-25 11:36:00,621 - INFO - Detected 14 valid boxes. Clamp class count: 1
2025-06-25 11:36:00,624 - DEBUG - Capturing frame...
2025-06-25 11:36:00,827 - DEBUG - Capturing frame...
2025-06-25 11:36:01,029 - DEBUG - Capturing frame...
2025-06-25 11:36:01,232 - DEBUG - Capturing frame...
2025-06-25 11:36:01,434 - DEBUG - Capturing frame...
2025-06-25 11:36:01,514 - INFO - Computed PSNR: 14.92 for SKU NEA_Korea_100ml
2025-06-25 11:36:01,514 - DEBUG - Running detection on frame with conf=0.02, iou=0.55
2025-06-25 11:36:01,548 - INFO - Detected 13 valid boxes. Clamp class count: 1
2025-06-25 11:36:01,552 - DEBUG - Capturing frame...
2025-06-25 11:36:01,755 - DEBUG - Capturing frame...
2025-06-25 11:36:01,958 - DEBUG - Capturing frame...
2025-06-25 11:36:02,160 - DEBUG - Capturing frame...
2025-06-25 11:36:02,414 - INFO - Computed PSNR: 11.78 for SKU NEA_Korea_100ml
2025-06-25 11:36:02,414 - DEBUG - Running detection on frame with conf=0.02, iou=0.55
2025-06-25 11:36:02,480 - INFO - Detected 13 valid boxes. Clamp class count: 1
2025-06-25 11:36:02,484 - DEBUG - Capturing frame...
2025-06-25 11:36:02,686 - DEBUG - Capturing frame...
2025-06-25 11:36:02,743 - INFO - creating snap7 client
2025-06-25 11:36:02,743 - INFO - connecting to 192.168.21.10:102 rack 0 slot 1
2025-06-25 11:36:02,744 - DEBUG - setting param number 2 to 102
2025-06-25 11:36:02,803 - INFO - Connected to PLC at 192.168.21.10
2025-06-25 11:36:02,803 - INFO - Initializing camera...
2025-06-25 11:36:02,819 - ERROR - CameraInit Failed(32774): No access,Camera has been opened by other programs
2025-06-25 11:36:02,821 - INFO - destroying snap7 client
2025-06-25 11:36:02,891 - DEBUG - Capturing frame...
2025-06-25 11:36:03,093 - DEBUG - Capturing frame...
2025-06-25 11:36:03,297 - DEBUG - Capturing frame...
2025-06-25 11:36:03,500 - DEBUG - Capturing frame...
2025-06-25 11:36:03,703 - DEBUG - Capturing frame...
2025-06-25 11:36:03,906 - DEBUG - Capturing frame...
2025-06-25 11:36:04,109 - DEBUG - Capturing frame...
2025-06-25 11:36:04,312 - DEBUG - Capturing frame...
2025-06-25 11:36:04,514 - DEBUG - Capturing frame...
2025-06-25 11:36:04,716 - DEBUG - Capturing frame...
2025-06-25 11:36:04,919 - DEBUG - Capturing frame...
2025-06-25 11:36:05,121 - DEBUG - Capturing frame...
2025-06-25 11:36:05,324 - DEBUG - Capturing frame...
2025-06-25 11:36:05,526 - DEBUG - Capturing frame...
2025-06-25 11:36:05,728 - DEBUG - Capturing frame...
2025-06-25 11:36:05,931 - DEBUG - Capturing frame...
2025-06-25 11:36:06,096 - INFO - Computed PSNR: 13.18 for SKU NEA_Korea_100ml
2025-06-25 11:36:06,097 - DEBUG - Running detection on frame with conf=0.02, iou=0.55
2025-06-25 11:36:06,248 - INFO - Detected 13 valid boxes. Clamp class count: 1
2025-06-25 11:36:06,252 - DEBUG - Capturing frame...
2025-06-25 11:36:06,455 - DEBUG - Capturing frame...
2025-06-25 11:36:06,659 - DEBUG - Capturing frame...
2025-06-25 11:36:06,861 - DEBUG - Capturing frame...
2025-06-25 11:36:07,064 - DEBUG - Capturing frame...
2025-06-25 11:36:07,229 - INFO - Computed PSNR: 12.71 for SKU NEA_Korea_100ml
2025-06-25 11:36:07,229 - DEBUG - Running detection on frame with conf=0.02, iou=0.55
2025-06-25 11:36:07,262 - INFO - Detected 13 valid boxes. Clamp class count: 1
2025-06-25 11:36:07,281 - INFO - destroying snap7 client
2025-06-25 11:36:08,344 - INFO - creating snap7 client
2025-06-25 11:36:08,344 - INFO - connecting to 192.168.21.10:102 rack 0 slot 1
2025-06-25 11:36:08,345 - DEBUG - setting param number 2 to 102
2025-06-25 11:36:08,417 - INFO - Connected to PLC at 192.168.21.10
2025-06-25 11:36:08,417 - INFO - Initializing camera...
2025-06-25 11:36:08,760 - INFO - Camera initialized successfully.
2025-06-25 11:36:08,780 - INFO - Using device: cuda
2025-06-25 11:36:08,930 - DEBUG - Capturing frame...
2025-06-25 11:36:09,134 - DEBUG - Capturing frame...
2025-06-25 11:36:09,337 - DEBUG - Capturing frame...
2025-06-25 11:36:09,541 - DEBUG - Capturing frame...
2025-06-25 11:36:09,746 - DEBUG - Capturing frame...
2025-06-25 11:36:09,848 - INFO - Computed PSNR: 13.29 for SKU NEA_Korea_100ml
2025-06-25 11:36:09,848 - DEBUG - Running detection on frame with conf=0.02, iou=0.55
2025-06-25 11:36:10,816 - INFO - Detected 13 valid boxes. Clamp class count: 1
2025-06-25 11:36:10,832 - DEBUG - Capturing frame...
2025-06-25 11:36:10,891 - INFO - Computed PSNR: 12.90 for SKU NEA_Korea_100ml
2025-06-25 11:36:10,891 - DEBUG - Running detection on frame with conf=0.02, iou=0.55
2025-06-25 11:36:10,950 - INFO - Detected 13 valid boxes. Clamp class count: 1
2025-06-25 11:36:10,954 - DEBUG - Capturing frame...
2025-06-25 11:36:11,156 - DEBUG - Capturing frame...
2025-06-25 11:36:11,383 - INFO - Computed PSNR: 13.06 for SKU NEA_Korea_100ml
2025-06-25 11:36:11,383 - DEBUG - Running detection on frame with conf=0.02, iou=0.55
2025-06-25 11:36:11,444 - INFO - Detected 13 valid boxes. Clamp class count: 1
2025-06-25 11:36:11,448 - DEBUG - Capturing frame...
2025-06-25 11:36:11,650 - DEBUG - Capturing frame...
2025-06-25 11:36:11,853 - DEBUG - Capturing frame...
2025-06-25 11:36:12,055 - DEBUG - Capturing frame...
2025-06-25 11:36:12,295 - INFO - Computed PSNR: 12.36 for SKU NEA_Korea_100ml
2025-06-25 11:36:12,296 - DEBUG - Running detection on frame with conf=0.02, iou=0.55
2025-06-25 11:36:12,351 - INFO - Detected 13 valid boxes. Clamp class count: 1
2025-06-25 11:36:12,355 - DEBUG - Capturing frame...
2025-06-25 11:36:12,558 - DEBUG - Capturing frame...
2025-06-25 11:36:12,761 - DEBUG - Capturing frame...
2025-06-25 11:36:12,963 - DEBUG - Capturing frame...
2025-06-25 11:36:13,177 - INFO - Computed PSNR: 13.06 for SKU NEA_Korea_100ml
2025-06-25 11:36:13,178 - DEBUG - Running detection on frame with conf=0.02, iou=0.55
2025-06-25 11:36:13,230 - INFO - Detected 13 valid boxes. Clamp class count: 1
2025-06-25 11:36:13,234 - DEBUG - Capturing frame...
2025-06-25 11:36:13,437 - DEBUG - Capturing frame...
2025-06-25 11:36:13,640 - DEBUG - Capturing frame...
2025-06-25 11:36:13,843 - DEBUG - Capturing frame...
2025-06-25 11:36:14,001 - INFO - Computed PSNR: 13.68 for SKU NEA_Korea_100ml
2025-06-25 11:36:14,001 - DEBUG - Running detection on frame with conf=0.02, iou=0.55
2025-06-25 11:36:14,053 - INFO - Detected 13 valid boxes. Clamp class count: 1
2025-06-25 11:36:14,056 - DEBUG - Capturing frame...
2025-06-25 11:36:14,259 - DEBUG - Capturing frame...
2025-06-25 11:36:14,463 - DEBUG - Capturing frame...
2025-06-25 11:36:14,667 - DEBUG - Capturing frame...
2025-06-25 11:36:14,864 - INFO - Computed PSNR: 13.31 for SKU NEA_Korea_100ml
2025-06-25 11:36:14,865 - DEBUG - Running detection on frame with conf=0.02, iou=0.55
2025-06-25 11:36:14,900 - INFO - Detected 13 valid boxes. Clamp class count: 1
2025-06-25 11:36:14,922 - INFO - destroying snap7 client
2025-06-25 11:36:29,682 - INFO - creating snap7 client
2025-06-25 11:36:29,682 - INFO - connecting to 192.168.21.10:102 rack 0 slot 1
2025-06-25 11:36:29,682 - DEBUG - setting param number 2 to 102
2025-06-25 11:36:29,742 - INFO - Connected to PLC at 192.168.21.10
2025-06-25 11:36:29,742 - INFO - Initializing camera...
2025-06-25 11:36:30,072 - INFO - Camera initialized successfully.
2025-06-25 11:36:30,094 - INFO - Using device: cuda
2025-06-25 11:36:30,201 - DEBUG - Capturing frame...
2025-06-25 11:36:30,405 - DEBUG - Capturing frame...
2025-06-25 11:36:30,607 - DEBUG - Capturing frame...
2025-06-25 11:36:30,810 - DEBUG - Capturing frame...
2025-06-25 11:36:30,941 - INFO - Computed PSNR: 13.44 for SKU NEA_Korea_100ml
2025-06-25 11:36:30,941 - DEBUG - Running detection on frame with conf=0.02, iou=0.55
2025-06-25 11:36:31,753 - INFO - Detected 13 valid boxes. Clamp class count: 1
2025-06-25 11:36:31,777 - DEBUG - Capturing frame...
2025-06-25 11:36:31,837 - INFO - Computed PSNR: 13.07 for SKU NEA_Korea_100ml
2025-06-25 11:36:31,838 - DEBUG - Running detection on frame with conf=0.02, iou=0.55
2025-06-25 11:36:31,880 - INFO - Detected 13 valid boxes. Clamp class count: 1
2025-06-25 11:36:31,884 - DEBUG - Capturing frame...
2025-06-25 11:36:32,086 - DEBUG - Capturing frame...
2025-06-25 11:36:32,288 - DEBUG - Capturing frame...
2025-06-25 11:36:32,488 - INFO - Computed PSNR: 14.38 for SKU NEA_Korea_100ml
2025-06-25 11:36:32,488 - DEBUG - Running detection on frame with conf=0.02, iou=0.55
2025-06-25 11:36:32,536 - INFO - Detected 13 valid boxes. Clamp class count: 1
2025-06-25 11:36:32,540 - DEBUG - Capturing frame...
2025-06-25 11:36:32,743 - DEBUG - Capturing frame...
2025-06-25 11:36:32,947 - DEBUG - Capturing frame...
2025-06-25 11:36:33,150 - DEBUG - Capturing frame...
2025-06-25 11:36:33,409 - INFO - Computed PSNR: 13.52 for SKU NEA_Korea_100ml
2025-06-25 11:36:33,409 - DEBUG - Running detection on frame with conf=0.02, iou=0.55
2025-06-25 11:36:33,443 - INFO - Detected 13 valid boxes. Clamp class count: 1
2025-06-25 11:36:33,446 - DEBUG - Capturing frame...
2025-06-25 11:36:33,649 - DEBUG - Capturing frame...
2025-06-25 11:36:33,852 - DEBUG - Capturing frame...
2025-06-25 11:36:34,054 - DEBUG - Capturing frame...
2025-06-25 11:36:34,253 - INFO - Computed PSNR: 14.73 for SKU NEA_Korea_100ml
2025-06-25 11:36:34,254 - DEBUG - Running detection on frame with conf=0.02, iou=0.55
2025-06-25 11:36:34,296 - INFO - Detected 13 valid boxes. Clamp class count: 1
2025-06-25 11:36:34,302 - DEBUG - Capturing frame...
2025-06-25 11:36:34,505 - DEBUG - Capturing frame...
2025-06-25 11:36:34,707 - DEBUG - Capturing frame...
2025-06-25 11:36:35,073 - DEBUG - Capturing frame...
2025-06-25 11:36:35,122 - INFO - Computed PSNR: 12.44 for SKU NEA_Korea_100ml
2025-06-25 11:36:35,122 - DEBUG - Running detection on frame with conf=0.02, iou=0.55
2025-06-25 11:36:35,166 - INFO - Detected 13 valid boxes. Clamp class count: 1
2025-06-25 11:36:35,169 - DEBUG - Capturing frame...
2025-06-25 11:36:35,371 - DEBUG - Capturing frame...
2025-06-25 11:36:35,574 - DEBUG - Capturing frame...
2025-06-25 11:36:35,776 - DEBUG - Capturing frame...
2025-06-25 11:36:35,922 - INFO - Computed PSNR: 14.82 for SKU NEA_Korea_100ml
2025-06-25 11:36:35,923 - DEBUG - Running detection on frame with conf=0.02, iou=0.55
2025-06-25 11:36:35,968 - INFO - Detected 13 valid boxes. Clamp class count: 1
2025-06-25 11:36:35,971 - DEBUG - Capturing frame...
2025-06-25 11:36:36,173 - DEBUG - Capturing frame...
2025-06-25 11:36:36,376 - DEBUG - Capturing frame...
2025-06-25 11:36:36,578 - DEBUG - Capturing frame...
2025-06-25 11:36:36,799 - INFO - Computed PSNR: 14.95 for SKU NEA_Korea_100ml
2025-06-25 11:36:36,800 - DEBUG - Running detection on frame with conf=0.02, iou=0.55
2025-06-25 11:36:36,837 - INFO - Detected 13 valid boxes. Clamp class count: 1
2025-06-25 11:36:36,840 - DEBUG - Capturing frame...
2025-06-25 11:36:37,042 - DEBUG - Capturing frame...
2025-06-25 11:36:37,246 - DEBUG - Capturing frame...
2025-06-25 11:36:37,450 - DEBUG - Capturing frame...
2025-06-25 11:36:37,655 - INFO - Computed PSNR: 12.74 for SKU NEA_Korea_100ml
2025-06-25 11:36:37,656 - DEBUG - Running detection on frame with conf=0.02, iou=0.55
2025-06-25 11:36:37,691 - INFO - Detected 13 valid boxes. Clamp class count: 1
2025-06-25 11:36:37,694 - DEBUG - Capturing frame...
2025-06-25 11:36:37,897 - DEBUG - Capturing frame...
2025-06-25 11:36:38,100 - DEBUG - Capturing frame...
2025-06-25 11:36:38,302 - DEBUG - Capturing frame...
2025-06-25 11:36:38,505 - DEBUG - Capturing frame...
2025-06-25 11:36:38,564 - INFO - Computed PSNR: 13.88 for SKU NEA_Korea_100ml
2025-06-25 11:36:38,564 - DEBUG - Running detection on frame with conf=0.02, iou=0.55
2025-06-25 11:36:38,599 - INFO - Detected 13 valid boxes. Clamp class count: 1
2025-06-25 11:36:38,603 - DEBUG - Capturing frame...
2025-06-25 11:36:38,806 - DEBUG - Capturing frame...
2025-06-25 11:36:39,009 - DEBUG - Capturing frame...
2025-06-25 11:36:39,212 - DEBUG - Capturing frame...
2025-06-25 11:36:39,355 - INFO - Computed PSNR: 14.97 for SKU NEA_Korea_100ml
2025-06-25 11:36:39,355 - DEBUG - Running detection on frame with conf=0.02, iou=0.55
2025-06-25 11:36:39,387 - INFO - Detected 13 valid boxes. Clamp class count: 1
2025-06-25 11:36:39,390 - DEBUG - Capturing frame...
2025-06-25 11:36:39,592 - DEBUG - Capturing frame...
2025-06-25 11:36:39,794 - DEBUG - Capturing frame...
2025-06-25 11:36:39,997 - DEBUG - Capturing frame...
2025-06-25 11:36:40,200 - DEBUG - Capturing frame...
2025-06-25 11:36:40,402 - DEBUG - Capturing frame...
2025-06-25 11:36:40,604 - DEBUG - Capturing frame...
2025-06-25 11:36:40,806 - DEBUG - Capturing frame...
2025-06-25 11:36:41,009 - DEBUG - Capturing frame...
2025-06-25 11:36:41,211 - DEBUG - Capturing frame...
2025-06-25 11:36:41,414 - DEBUG - Capturing frame...
2025-06-25 11:36:41,616 - DEBUG - Capturing frame...
2025-06-25 11:36:41,818 - DEBUG - Capturing frame...
2025-06-25 11:36:42,021 - DEBUG - Capturing frame...
2025-06-25 11:36:42,223 - DEBUG - Capturing frame...
2025-06-25 11:36:42,427 - DEBUG - Capturing frame...
2025-06-25 11:36:42,631 - DEBUG - Capturing frame...
2025-06-25 11:36:42,834 - DEBUG - Capturing frame...
2025-06-25 11:36:43,010 - INFO - Computed PSNR: 13.95 for SKU NEA_Korea_100ml
2025-06-25 11:36:43,010 - DEBUG - Running detection on frame with conf=0.02, iou=0.55
2025-06-25 11:36:43,183 - INFO - Detected 13 valid boxes. Clamp class count: 1
2025-06-25 11:36:43,197 - DEBUG - Capturing frame...
2025-06-25 11:36:43,419 - DEBUG - Capturing frame...
2025-06-25 11:36:43,638 - DEBUG - Capturing frame...
2025-06-25 11:36:43,857 - DEBUG - Capturing frame...
2025-06-25 11:36:44,076 - DEBUG - Capturing frame...
2025-06-25 11:36:44,187 - INFO - Computed PSNR: 12.33 for SKU NEA_Korea_100ml
2025-06-25 11:36:44,188 - DEBUG - Running detection on frame with conf=0.02, iou=0.55
2025-06-25 11:36:44,289 - INFO - Detected 13 valid boxes. Clamp class count: 1
2025-06-25 11:36:44,295 - DEBUG - Capturing frame...
2025-06-25 11:36:44,516 - DEBUG - Capturing frame...
2025-06-25 11:36:44,734 - DEBUG - Capturing frame...
2025-06-25 11:36:44,956 - INFO - Computed PSNR: 13.07 for SKU NEA_Korea_100ml
2025-06-25 11:36:44,956 - DEBUG - Running detection on frame with conf=0.02, iou=0.55
2025-06-25 11:36:45,263 - INFO - Detected 13 valid boxes. Clamp class count: 1
2025-06-25 11:36:45,267 - DEBUG - Capturing frame...
2025-06-25 11:36:45,483 - DEBUG - Capturing frame...
2025-06-25 11:36:45,700 - DEBUG - Capturing frame...
2025-06-25 11:36:45,881 - INFO - Computed PSNR: 14.84 for SKU NEA_Korea_100ml
2025-06-25 11:36:45,881 - DEBUG - Running detection on frame with conf=0.02, iou=0.55
2025-06-25 11:36:45,936 - INFO - Detected 13 valid boxes. Clamp class count: 1
2025-06-25 11:36:45,954 - DEBUG - Capturing frame...
2025-06-25 11:36:46,171 - DEBUG - Capturing frame...
2025-06-25 11:36:46,389 - DEBUG - Capturing frame...
2025-06-25 11:36:46,660 - INFO - Computed PSNR: 14.07 for SKU NEA_Korea_100ml
2025-06-25 11:36:46,660 - DEBUG - Running detection on frame with conf=0.02, iou=0.55
2025-06-25 11:36:46,716 - INFO - Detected 13 valid boxes. Clamp class count: 1
2025-06-25 11:36:46,732 - DEBUG - Capturing frame...
2025-06-25 11:36:46,950 - DEBUG - Capturing frame...
2025-06-25 11:36:47,167 - DEBUG - Capturing frame...
2025-06-25 11:36:47,385 - DEBUG - Capturing frame...
2025-06-25 11:36:47,558 - INFO - Computed PSNR: 13.14 for SKU NEA_Korea_100ml
2025-06-25 11:36:47,559 - DEBUG - Running detection on frame with conf=0.02, iou=0.55
2025-06-25 11:36:47,635 - INFO - Detected 13 valid boxes. Clamp class count: 1
2025-06-25 11:36:47,653 - DEBUG - Capturing frame...
2025-06-25 11:36:47,875 - DEBUG - Capturing frame...
2025-06-25 11:36:48,093 - DEBUG - Capturing frame...
2025-06-25 11:36:48,313 - DEBUG - Capturing frame...
2025-06-25 11:36:48,376 - INFO - Computed PSNR: 12.87 for SKU NEA_Korea_100ml
2025-06-25 11:36:48,376 - DEBUG - Running detection on frame with conf=0.02, iou=0.55
2025-06-25 11:36:48,458 - INFO - Detected 13 valid boxes. Clamp class count: 1
2025-06-25 11:36:48,470 - DEBUG - Capturing frame...
2025-06-25 11:36:48,690 - DEBUG - Capturing frame...
2025-06-25 11:36:48,908 - DEBUG - Capturing frame...
2025-06-25 11:36:49,125 - DEBUG - Capturing frame...
2025-06-25 11:36:49,219 - INFO - Computed PSNR: 12.93 for SKU NEA_Korea_100ml
2025-06-25 11:36:49,220 - DEBUG - Running detection on frame with conf=0.02, iou=0.55
2025-06-25 11:36:49,354 - INFO - Detected 13 valid boxes. Clamp class count: 1
2025-06-25 11:36:49,362 - DEBUG - Capturing frame...
2025-06-25 11:36:49,581 - DEBUG - Capturing frame...
2025-06-25 11:36:49,801 - DEBUG - Capturing frame...
2025-06-25 11:36:50,021 - DEBUG - Capturing frame...
2025-06-25 11:36:50,079 - INFO - Computed PSNR: 13.75 for SKU NEA_Korea_100ml
2025-06-25 11:36:50,080 - DEBUG - Running detection on frame with conf=0.02, iou=0.55
2025-06-25 11:36:50,183 - INFO - Detected 13 valid boxes. Clamp class count: 1
2025-06-25 11:36:50,193 - DEBUG - Capturing frame...
2025-06-25 11:36:50,412 - DEBUG - Capturing frame...
2025-06-25 11:36:50,630 - DEBUG - Capturing frame...
2025-06-25 11:36:50,899 - INFO - Computed PSNR: 13.80 for SKU NEA_Korea_100ml
2025-06-25 11:36:50,899 - DEBUG - Running detection on frame with conf=0.02, iou=0.55
2025-06-25 11:36:51,013 - INFO - Detected 13 valid boxes. Clamp class count: 1
2025-06-25 11:36:51,021 - DEBUG - Capturing frame...
2025-06-25 11:36:51,240 - DEBUG - Capturing frame...
2025-06-25 11:36:51,457 - DEBUG - Capturing frame...
2025-06-25 11:36:51,675 - DEBUG - Capturing frame...
2025-06-25 11:36:51,778 - INFO - Computed PSNR: 14.02 for SKU NEA_Korea_100ml
2025-06-25 11:36:51,778 - DEBUG - Running detection on frame with conf=0.02, iou=0.55
2025-06-25 11:36:51,834 - INFO - Detected 13 valid boxes. Clamp class count: 1
2025-06-25 11:36:51,850 - DEBUG - Capturing frame...
2025-06-25 11:36:52,070 - DEBUG - Capturing frame...
2025-06-25 11:36:52,289 - DEBUG - Capturing frame...
2025-06-25 11:36:52,508 - DEBUG - Capturing frame...
2025-06-25 11:36:52,594 - INFO - Computed PSNR: 12.82 for SKU NEA_Korea_100ml
2025-06-25 11:36:52,594 - DEBUG - Running detection on frame with conf=0.02, iou=0.55
2025-06-25 11:36:52,655 - INFO - Detected 13 valid boxes. Clamp class count: 1
2025-06-25 11:36:52,664 - DEBUG - Capturing frame...
2025-06-25 11:36:52,882 - DEBUG - Capturing frame...
2025-06-25 11:36:53,099 - DEBUG - Capturing frame...
2025-06-25 11:36:53,318 - DEBUG - Capturing frame...
2025-06-25 11:36:53,519 - INFO - Computed PSNR: 14.19 for SKU NEA_Korea_100ml
2025-06-25 11:36:53,520 - DEBUG - Running detection on frame with conf=0.02, iou=0.55
2025-06-25 11:36:53,575 - INFO - Detected 13 valid boxes. Clamp class count: 1
2025-06-25 11:36:53,583 - DEBUG - Capturing frame...
2025-06-25 11:36:53,803 - DEBUG - Capturing frame...
2025-06-25 11:36:54,024 - DEBUG - Capturing frame...
2025-06-25 11:36:54,241 - DEBUG - Capturing frame...
2025-06-25 11:36:54,496 - INFO - Computed PSNR: 13.77 for SKU NEA_Korea_100ml
2025-06-25 11:36:54,496 - DEBUG - Running detection on frame with conf=0.02, iou=0.55
2025-06-25 11:36:54,552 - INFO - Detected 13 valid boxes. Clamp class count: 1
2025-06-25 11:36:54,555 - DEBUG - Capturing frame...
2025-06-25 11:36:54,772 - DEBUG - Capturing frame...
2025-06-25 11:36:54,993 - DEBUG - Capturing frame...
2025-06-25 11:36:55,137 - WARNING - Invalid JSON format in file. Overwriting.
2025-06-25 11:36:55,180 - INFO - Computed PSNR: 14.37 for SKU NEA_Korea_100ml
2025-06-25 11:36:55,180 - DEBUG - Running detection on frame with conf=0.02, iou=0.55
2025-06-25 11:36:55,297 - INFO - Detected 13 valid boxes. Clamp class count: 1
2025-06-25 11:36:55,306 - DEBUG - Capturing frame...
2025-06-25 11:36:55,526 - DEBUG - Capturing frame...
2025-06-25 11:36:55,744 - DEBUG - Capturing frame...
2025-06-25 11:36:55,963 - DEBUG - Capturing frame...
2025-06-25 11:36:56,047 - INFO - Computed PSNR: 14.41 for SKU NEA_Korea_100ml
2025-06-25 11:36:56,047 - DEBUG - Running detection on frame with conf=0.02, iou=0.55
2025-06-25 11:36:56,151 - INFO - Detected 13 valid boxes. Clamp class count: 1
2025-06-25 11:36:56,166 - DEBUG - Capturing frame...
2025-06-25 11:36:56,384 - DEBUG - Capturing frame...
2025-06-25 11:36:56,603 - DEBUG - Capturing frame...
2025-06-25 11:36:56,821 - DEBUG - Capturing frame...
2025-06-25 11:36:56,897 - INFO - Computed PSNR: 12.58 for SKU NEA_Korea_100ml
2025-06-25 11:36:56,897 - DEBUG - Running detection on frame with conf=0.02, iou=0.55
2025-06-25 11:36:57,259 - INFO - Detected 13 valid boxes. Clamp class count: 1
2025-06-25 11:36:57,276 - DEBUG - Capturing frame...
2025-06-25 11:36:57,495 - DEBUG - Capturing frame...
2025-06-25 11:36:57,713 - DEBUG - Capturing frame...
2025-06-25 11:36:57,784 - INFO - Computed PSNR: 12.91 for SKU NEA_Korea_100ml
2025-06-25 11:36:57,784 - DEBUG - Running detection on frame with conf=0.02, iou=0.55
2025-06-25 11:36:57,836 - INFO - Detected 13 valid boxes. Clamp class count: 1
2025-06-25 11:36:57,853 - DEBUG - Capturing frame...
2025-06-25 11:36:58,070 - DEBUG - Capturing frame...
2025-06-25 11:36:58,289 - DEBUG - Capturing frame...
2025-06-25 11:36:58,508 - DEBUG - Capturing frame...
2025-06-25 11:36:58,741 - DEBUG - Capturing frame...
2025-06-25 11:36:58,960 - DEBUG - Capturing frame...
2025-06-25 11:36:59,178 - DEBUG - Capturing frame...
2025-06-25 11:36:59,350 - INFO - Computed PSNR: 12.73 for SKU NEA_Korea_100ml
2025-06-25 11:36:59,351 - DEBUG - Running detection on frame with conf=0.02, iou=0.55
2025-06-25 11:36:59,421 - INFO - Detected 13 valid boxes. Clamp class count: 1
2025-06-25 11:36:59,430 - DEBUG - Capturing frame...
2025-06-25 11:36:59,648 - DEBUG - Capturing frame...
2025-06-25 11:36:59,866 - DEBUG - Capturing frame...
2025-06-25 11:37:00,098 - DEBUG - Capturing frame...
2025-06-25 11:37:00,316 - DEBUG - Capturing frame...
2025-06-25 11:37:00,534 - DEBUG - Capturing frame...
2025-06-25 11:37:00,753 - DEBUG - Capturing frame...
2025-06-25 11:37:00,971 - DEBUG - Capturing frame...
2025-06-25 11:37:01,200 - DEBUG - Capturing frame...
2025-06-25 11:37:01,420 - DEBUG - Capturing frame...
2025-06-25 11:37:01,636 - DEBUG - Capturing frame...
2025-06-25 11:37:01,854 - DEBUG - Capturing frame...
2025-06-25 11:37:02,084 - DEBUG - Capturing frame...
2025-06-25 11:37:02,303 - DEBUG - Capturing frame...
2025-06-25 11:37:02,523 - DEBUG - Capturing frame...
2025-06-25 11:37:02,743 - DEBUG - Capturing frame...
2025-06-25 11:37:02,962 - DEBUG - Capturing frame...
2025-06-25 11:37:03,031 - INFO - Computed PSNR: 14.96 for SKU NEA_Korea_100ml
2025-06-25 11:37:03,032 - DEBUG - Running detection on frame with conf=0.02, iou=0.55
2025-06-25 11:37:03,453 - INFO - Detected 13 valid boxes. Clamp class count: 1
2025-06-25 11:37:03,465 - DEBUG - Capturing frame...
2025-06-25 11:37:03,683 - DEBUG - Capturing frame...
2025-06-25 11:37:03,743 - INFO - Computed PSNR: 13.05 for SKU NEA_Korea_100ml
2025-06-25 11:37:03,743 - DEBUG - Running detection on frame with conf=0.02, iou=0.55
2025-06-25 11:37:03,796 - INFO - Detected 13 valid boxes. Clamp class count: 1
2025-06-25 11:37:03,808 - DEBUG - Capturing frame...
2025-06-25 11:37:04,028 - DEBUG - Capturing frame...
2025-06-25 11:37:04,245 - DEBUG - Capturing frame...
2025-06-25 11:37:04,465 - DEBUG - Capturing frame...
2025-06-25 11:37:04,527 - INFO - Computed PSNR: 12.98 for SKU NEA_Korea_100ml
2025-06-25 11:37:04,527 - DEBUG - Running detection on frame with conf=0.02, iou=0.55
2025-06-25 11:37:04,580 - INFO - Detected 13 valid boxes. Clamp class count: 1
2025-06-25 11:37:04,593 - DEBUG - Capturing frame...
2025-06-25 11:37:04,811 - DEBUG - Capturing frame...
2025-06-25 11:37:05,032 - DEBUG - Capturing frame...
2025-06-25 11:37:05,264 - DEBUG - Capturing frame...
2025-06-25 11:37:05,326 - INFO - Computed PSNR: 13.87 for SKU NEA_Korea_100ml
2025-06-25 11:37:05,327 - DEBUG - Running detection on frame with conf=0.02, iou=0.55
2025-06-25 11:37:05,476 - INFO - Detected 13 valid boxes. Clamp class count: 1
2025-06-25 11:37:05,486 - DEBUG - Capturing frame...
2025-06-25 11:37:05,704 - DEBUG - Capturing frame...
2025-06-25 11:37:05,924 - DEBUG - Capturing frame...
2025-06-25 11:37:06,141 - DEBUG - Capturing frame...
2025-06-25 11:37:06,216 - INFO - Computed PSNR: 14.33 for SKU NEA_Korea_100ml
2025-06-25 11:37:06,216 - DEBUG - Running detection on frame with conf=0.02, iou=0.55
2025-06-25 11:37:06,287 - INFO - Detected 13 valid boxes. Clamp class count: 1
2025-06-25 11:37:06,300 - DEBUG - Capturing frame...
2025-06-25 11:37:06,518 - DEBUG - Capturing frame...
2025-06-25 11:37:06,737 - DEBUG - Capturing frame...
2025-06-25 11:37:06,957 - DEBUG - Capturing frame...
2025-06-25 11:37:07,113 - INFO - Computed PSNR: 15.11 for SKU NEA_Korea_100ml
2025-06-25 11:37:07,113 - DEBUG - Running detection on frame with conf=0.02, iou=0.55
2025-06-25 11:37:07,225 - INFO - Detected 13 valid boxes. Clamp class count: 1
2025-06-25 11:37:07,237 - DEBUG - Capturing frame...
2025-06-25 11:37:07,456 - DEBUG - Capturing frame...
2025-06-25 11:37:07,676 - DEBUG - Capturing frame...
2025-06-25 11:37:07,869 - INFO - Computed PSNR: 16.28 for SKU NEA_Korea_100ml
2025-06-25 11:37:07,869 - DEBUG - Running detection on frame with conf=0.02, iou=0.55
2025-06-25 11:37:07,969 - INFO - Detected 13 valid boxes. Clamp class count: 1
2025-06-25 11:37:07,973 - DEBUG - Capturing frame...
2025-06-25 11:37:08,191 - DEBUG - Capturing frame...
2025-06-25 11:37:08,411 - DEBUG - Capturing frame...
2025-06-25 11:37:08,631 - DEBUG - Capturing frame...
2025-06-25 11:37:08,790 - INFO - Computed PSNR: 13.95 for SKU NEA_Korea_100ml
2025-06-25 11:37:08,791 - DEBUG - Running detection on frame with conf=0.02, iou=0.55
2025-06-25 11:37:08,921 - INFO - Detected 13 valid boxes. Clamp class count: 1
2025-06-25 11:37:08,930 - DEBUG - Capturing frame...
2025-06-25 11:37:09,147 - DEBUG - Capturing frame...
2025-06-25 11:37:09,366 - DEBUG - Capturing frame...
2025-06-25 11:37:09,585 - DEBUG - Capturing frame...
2025-06-25 11:37:09,645 - INFO - Computed PSNR: 13.66 for SKU NEA_Korea_100ml
2025-06-25 11:37:09,646 - DEBUG - Running detection on frame with conf=0.02, iou=0.55
2025-06-25 11:37:09,699 - INFO - Detected 13 valid boxes. Clamp class count: 1
2025-06-25 11:37:09,711 - DEBUG - Capturing frame...
2025-06-25 11:37:09,929 - DEBUG - Capturing frame...
2025-06-25 11:37:10,146 - DEBUG - Capturing frame...
2025-06-25 11:37:10,368 - DEBUG - Capturing frame...
2025-06-25 11:37:10,494 - INFO - Computed PSNR: 13.06 for SKU NEA_Korea_100ml
2025-06-25 11:37:10,494 - DEBUG - Running detection on frame with conf=0.02, iou=0.55
2025-06-25 11:37:10,552 - INFO - Detected 13 valid boxes. Clamp class count: 1
2025-06-25 11:37:10,556 - DEBUG - Capturing frame...
2025-06-25 11:37:10,776 - DEBUG - Capturing frame...
2025-06-25 11:37:10,996 - DEBUG - Capturing frame...
2025-06-25 11:37:11,215 - DEBUG - Capturing frame...
2025-06-25 11:37:11,392 - INFO - Computed PSNR: 14.56 for SKU NEA_Korea_100ml
2025-06-25 11:37:11,393 - DEBUG - Running detection on frame with conf=0.02, iou=0.55
2025-06-25 11:37:11,470 - INFO - Detected 13 valid boxes. Clamp class count: 1
2025-06-25 11:37:11,480 - DEBUG - Capturing frame...
2025-06-25 11:37:11,701 - DEBUG - Capturing frame...
2025-06-25 11:37:11,920 - DEBUG - Capturing frame...
2025-06-25 11:37:12,159 - INFO - Computed PSNR: 14.28 for SKU NEA_Korea_100ml
2025-06-25 11:37:12,159 - DEBUG - Running detection on frame with conf=0.02, iou=0.55
2025-06-25 11:37:12,234 - INFO - Detected 13 valid boxes. Clamp class count: 1
2025-06-25 11:37:12,246 - DEBUG - Capturing frame...
2025-06-25 11:37:12,468 - DEBUG - Capturing frame...
2025-06-25 11:37:12,688 - DEBUG - Capturing frame...
2025-06-25 11:37:12,908 - DEBUG - Capturing frame...
2025-06-25 11:37:13,120 - INFO - Computed PSNR: 12.91 for SKU NEA_Korea_100ml
2025-06-25 11:37:13,120 - DEBUG - Running detection on frame with conf=0.02, iou=0.55
2025-06-25 11:37:13,238 - INFO - Detected 13 valid boxes. Clamp class count: 1
2025-06-25 11:37:13,252 - DEBUG - Capturing frame...
2025-06-25 11:37:13,472 - DEBUG - Capturing frame...
2025-06-25 11:37:13,689 - DEBUG - Capturing frame...
2025-06-25 11:37:13,939 - INFO - Computed PSNR: 13.54 for SKU NEA_Korea_100ml
2025-06-25 11:37:13,939 - DEBUG - Running detection on frame with conf=0.02, iou=0.55
2025-06-25 11:37:14,052 - INFO - Detected 13 valid boxes. Clamp class count: 1
2025-06-25 11:37:14,064 - DEBUG - Capturing frame...
2025-06-25 11:37:14,282 - DEBUG - Capturing frame...
2025-06-25 11:37:14,503 - DEBUG - Capturing frame...
2025-06-25 11:37:14,735 - INFO - Computed PSNR: 14.04 for SKU NEA_Korea_100ml
2025-06-25 11:37:14,736 - DEBUG - Running detection on frame with conf=0.02, iou=0.55
2025-06-25 11:37:15,053 - INFO - Detected 13 valid boxes. Clamp class count: 1
2025-06-25 11:37:15,068 - DEBUG - Capturing frame...
2025-06-25 11:37:15,285 - DEBUG - Capturing frame...
2025-06-25 11:37:15,501 - DEBUG - Capturing frame...
2025-06-25 11:37:15,568 - INFO - Computed PSNR: 13.69 for SKU NEA_Korea_100ml
2025-06-25 11:37:15,569 - DEBUG - Running detection on frame with conf=0.02, iou=0.55
2025-06-25 11:37:15,614 - INFO - Detected 13 valid boxes. Clamp class count: 1
2025-06-25 11:37:15,626 - DEBUG - Capturing frame...
2025-06-25 11:37:15,846 - DEBUG - Capturing frame...
2025-06-25 11:37:16,064 - DEBUG - Capturing frame...
2025-06-25 11:37:16,282 - DEBUG - Capturing frame...
2025-06-25 11:37:16,501 - DEBUG - Capturing frame...
2025-06-25 11:37:16,721 - DEBUG - Capturing frame...
2025-06-25 11:37:16,939 - DEBUG - Capturing frame...
2025-06-25 11:37:17,155 - DEBUG - Capturing frame...
2025-06-25 11:37:17,373 - DEBUG - Capturing frame...
2025-06-25 11:37:17,591 - DEBUG - Capturing frame...
2025-06-25 11:37:17,810 - DEBUG - Capturing frame...
2025-06-25 11:37:18,029 - DEBUG - Capturing frame...
2025-06-25 11:37:18,261 - DEBUG - Capturing frame...
2025-06-25 11:37:18,481 - DEBUG - Capturing frame...
2025-06-25 11:37:18,698 - DEBUG - Capturing frame...
2025-06-25 11:37:18,918 - DEBUG - Capturing frame...
2025-06-25 11:37:19,138 - DEBUG - Capturing frame...
2025-06-25 11:37:19,370 - DEBUG - Capturing frame...
2025-06-25 11:37:19,590 - DEBUG - Capturing frame...
2025-06-25 11:37:19,808 - DEBUG - Capturing frame...
2025-06-25 11:37:20,009 - INFO - Computed PSNR: 13.85 for SKU NEA_Korea_100ml
2025-06-25 11:37:20,009 - DEBUG - Running detection on frame with conf=0.02, iou=0.55
2025-06-25 11:37:20,136 - INFO - Detected 13 valid boxes. Clamp class count: 1
2025-06-25 11:37:20,151 - DEBUG - Capturing frame...
2025-06-25 11:37:20,369 - DEBUG - Capturing frame...
2025-06-25 11:37:20,587 - DEBUG - Capturing frame...
2025-06-25 11:37:20,806 - DEBUG - Capturing frame...
2025-06-25 11:37:21,024 - DEBUG - Capturing frame...
2025-06-25 11:37:21,122 - INFO - Computed PSNR: 14.16 for SKU NEA_Korea_100ml
2025-06-25 11:37:21,122 - DEBUG - Running detection on frame with conf=0.02, iou=0.55
2025-06-25 11:37:21,242 - INFO - Detected 13 valid boxes. Clamp class count: 1
2025-06-25 11:37:21,258 - DEBUG - Capturing frame...
2025-06-25 11:37:21,478 - DEBUG - Capturing frame...
2025-06-25 11:37:21,709 - DEBUG - Capturing frame...
2025-06-25 11:37:21,928 - DEBUG - Capturing frame...
2025-06-25 11:37:22,012 - INFO - Computed PSNR: 14.08 for SKU NEA_Korea_100ml
2025-06-25 11:37:22,012 - DEBUG - Running detection on frame with conf=0.02, iou=0.55
2025-06-25 11:37:22,184 - INFO - Detected 13 valid boxes. Clamp class count: 1
2025-06-25 11:37:22,195 - DEBUG - Capturing frame...
2025-06-25 11:37:22,412 - DEBUG - Capturing frame...
2025-06-25 11:37:22,630 - DEBUG - Capturing frame...
2025-06-25 11:37:22,863 - INFO - Computed PSNR: 12.56 for SKU NEA_Korea_100ml
2025-06-25 11:37:22,864 - DEBUG - Running detection on frame with conf=0.02, iou=0.55
2025-06-25 11:37:23,263 - INFO - Detected 13 valid boxes. Clamp class count: 1
2025-06-25 11:37:23,269 - DEBUG - Capturing frame...
2025-06-25 11:37:23,487 - DEBUG - Capturing frame...
2025-06-25 11:37:23,708 - DEBUG - Capturing frame...
2025-06-25 11:37:23,800 - INFO - Computed PSNR: 13.93 for SKU NEA_Korea_100ml
2025-06-25 11:37:23,801 - DEBUG - Running detection on frame with conf=0.02, iou=0.55
2025-06-25 11:37:23,854 - INFO - Detected 13 valid boxes. Clamp class count: 1
2025-06-25 11:37:23,865 - DEBUG - Capturing frame...
2025-06-25 11:37:24,085 - DEBUG - Capturing frame...
2025-06-25 11:37:24,303 - DEBUG - Capturing frame...
2025-06-25 11:37:24,527 - INFO - Computed PSNR: 13.67 for SKU NEA_Korea_100ml
2025-06-25 11:37:24,527 - DEBUG - Running detection on frame with conf=0.02, iou=0.55
2025-06-25 11:37:24,580 - INFO - Detected 13 valid boxes. Clamp class count: 1
2025-06-25 11:37:24,584 - DEBUG - Capturing frame...
2025-06-25 11:37:24,803 - DEBUG - Capturing frame...
2025-06-25 11:37:25,022 - DEBUG - Capturing frame...
2025-06-25 11:37:25,255 - DEBUG - Capturing frame...
2025-06-25 11:37:25,447 - INFO - Computed PSNR: 13.95 for SKU NEA_Korea_100ml
2025-06-25 11:37:25,447 - DEBUG - Running detection on frame with conf=0.02, iou=0.55
2025-06-25 11:37:25,513 - INFO - Detected 13 valid boxes. Clamp class count: 1
2025-06-25 11:37:25,520 - DEBUG - Capturing frame...
2025-06-25 11:37:25,738 - DEBUG - Capturing frame...
2025-06-25 11:37:25,970 - DEBUG - Capturing frame...
2025-06-25 11:37:26,189 - DEBUG - Capturing frame...
2025-06-25 11:37:26,307 - INFO - Computed PSNR: 14.02 for SKU NEA_Korea_100ml
2025-06-25 11:37:26,308 - DEBUG - Running detection on frame with conf=0.02, iou=0.55
2025-06-25 11:37:26,412 - INFO - Detected 13 valid boxes. Clamp class count: 1
2025-06-25 11:37:26,423 - DEBUG - Capturing frame...
2025-06-25 11:37:26,642 - DEBUG - Capturing frame...
2025-06-25 11:37:26,859 - DEBUG - Capturing frame...
2025-06-25 11:37:27,092 - INFO - Computed PSNR: 13.18 for SKU NEA_Korea_100ml
2025-06-25 11:37:27,093 - DEBUG - Running detection on frame with conf=0.02, iou=0.55
2025-06-25 11:37:27,209 - INFO - Detected 13 valid boxes. Clamp class count: 1
2025-06-25 11:37:27,216 - DEBUG - Capturing frame...
2025-06-25 11:37:27,435 - DEBUG - Capturing frame...
2025-06-25 11:37:27,652 - DEBUG - Capturing frame...
2025-06-25 11:37:27,871 - DEBUG - Capturing frame...
2025-06-25 11:37:27,965 - INFO - Computed PSNR: 12.35 for SKU NEA_Korea_100ml
2025-06-25 11:37:27,966 - DEBUG - Running detection on frame with conf=0.02, iou=0.55
2025-06-25 11:37:28,134 - INFO - Detected 13 valid boxes. Clamp class count: 1
2025-06-25 11:37:28,138 - DEBUG - Capturing frame...
2025-06-25 11:37:28,355 - DEBUG - Capturing frame...
2025-06-25 11:37:28,575 - DEBUG - Capturing frame...
2025-06-25 11:37:28,827 - INFO - Computed PSNR: 12.73 for SKU NEA_Korea_100ml
2025-06-25 11:37:28,828 - DEBUG - Running detection on frame with conf=0.02, iou=0.55
2025-06-25 11:37:29,244 - INFO - Detected 13 valid boxes. Clamp class count: 1
2025-06-25 11:37:29,250 - DEBUG - Capturing frame...
2025-06-25 11:37:29,469 - DEBUG - Capturing frame...
2025-06-25 11:37:29,686 - DEBUG - Capturing frame...
2025-06-25 11:37:29,753 - INFO - Computed PSNR: 14.13 for SKU NEA_Korea_100ml
2025-06-25 11:37:29,753 - DEBUG - Running detection on frame with conf=0.02, iou=0.55
2025-06-25 11:37:29,806 - INFO - Detected 14 valid boxes. Clamp class count: 1
2025-06-25 11:37:29,812 - DEBUG - Capturing frame...
2025-06-25 11:37:30,032 - DEBUG - Capturing frame...
2025-06-25 11:37:30,251 - DEBUG - Capturing frame...
2025-06-25 11:37:30,468 - DEBUG - Capturing frame...
2025-06-25 11:37:30,521 - INFO - Computed PSNR: 13.41 for SKU NEA_Korea_100ml
2025-06-25 11:37:30,521 - DEBUG - Running detection on frame with conf=0.02, iou=0.55
2025-06-25 11:37:30,573 - INFO - Detected 13 valid boxes. Clamp class count: 1
2025-06-25 11:37:30,579 - DEBUG - Capturing frame...
2025-06-25 11:37:30,799 - DEBUG - Capturing frame...
2025-06-25 11:37:31,020 - DEBUG - Capturing frame...
2025-06-25 11:37:31,237 - DEBUG - Capturing frame...
2025-06-25 11:37:31,353 - INFO - Computed PSNR: 12.56 for SKU NEA_Korea_100ml
2025-06-25 11:37:31,353 - DEBUG - Running detection on frame with conf=0.02, iou=0.55
2025-06-25 11:37:31,417 - INFO - Detected 13 valid boxes. Clamp class count: 1
2025-06-25 11:37:31,424 - DEBUG - Capturing frame...
2025-06-25 11:37:31,643 - DEBUG - Capturing frame...
2025-06-25 11:37:31,861 - DEBUG - Capturing frame...
2025-06-25 11:37:32,080 - DEBUG - Capturing frame...
2025-06-25 11:37:32,312 - INFO - Computed PSNR: 12.59 for SKU NEA_Korea_100ml
2025-06-25 11:37:32,313 - DEBUG - Running detection on frame with conf=0.02, iou=0.55
2025-06-25 11:37:32,419 - INFO - Detected 13 valid boxes. Clamp class count: 1
2025-06-25 11:37:32,423 - DEBUG - Capturing frame...
2025-06-25 11:37:32,642 - DEBUG - Capturing frame...
2025-06-25 11:37:32,875 - DEBUG - Capturing frame...
2025-06-25 11:37:33,095 - DEBUG - Capturing frame...
2025-06-25 11:37:33,157 - INFO - Computed PSNR: 13.41 for SKU NEA_Korea_100ml
2025-06-25 11:37:33,158 - DEBUG - Running detection on frame with conf=0.02, iou=0.55
2025-06-25 11:37:33,282 - INFO - Detected 13 valid boxes. Clamp class count: 1
2025-06-25 11:37:33,295 - DEBUG - Capturing frame...
2025-06-25 11:37:33,513 - DEBUG - Capturing frame...
2025-06-25 11:37:33,731 - DEBUG - Capturing frame...
2025-06-25 11:37:33,922 - INFO - Computed PSNR: 15.16 for SKU NEA_Korea_100ml
2025-06-25 11:37:33,922 - DEBUG - Running detection on frame with conf=0.02, iou=0.55
2025-06-25 11:37:34,252 - INFO - Detected 13 valid boxes. Clamp class count: 1
2025-06-25 11:37:34,264 - DEBUG - Capturing frame...
2025-06-25 11:37:34,480 - DEBUG - Capturing frame...
2025-06-25 11:37:34,696 - DEBUG - Capturing frame...
2025-06-25 11:37:34,824 - INFO - Computed PSNR: 15.43 for SKU NEA_Korea_100ml
2025-06-25 11:37:34,824 - DEBUG - Running detection on frame with conf=0.02, iou=0.55
2025-06-25 11:37:34,878 - INFO - Detected 13 valid boxes. Clamp class count: 1
2025-06-25 11:37:34,885 - DEBUG - Capturing frame...
2025-06-25 11:37:35,104 - DEBUG - Capturing frame...
2025-06-25 11:37:35,323 - DEBUG - Capturing frame...
2025-06-25 11:37:35,543 - DEBUG - Capturing frame...
2025-06-25 11:37:35,717 - INFO - Computed PSNR: 14.26 for SKU NEA_Korea_100ml
2025-06-25 11:37:35,717 - DEBUG - Running detection on frame with conf=0.02, iou=0.55
2025-06-25 11:37:35,775 - INFO - Detected 13 valid boxes. Clamp class count: 1
2025-06-25 11:37:35,782 - DEBUG - Capturing frame...
2025-06-25 11:37:36,001 - DEBUG - Capturing frame...
2025-06-25 11:37:36,221 - DEBUG - Capturing frame...
2025-06-25 11:37:36,455 - DEBUG - Capturing frame...
2025-06-25 11:37:36,675 - DEBUG - Capturing frame...
2025-06-25 11:37:36,892 - DEBUG - Capturing frame...
2025-06-25 11:37:37,109 - DEBUG - Capturing frame...
2025-06-25 11:37:37,329 - DEBUG - Capturing frame...
2025-06-25 11:37:37,548 - DEBUG - Capturing frame...
2025-06-25 11:37:37,766 - DEBUG - Capturing frame...
2025-06-25 11:37:37,984 - DEBUG - Capturing frame...
2025-06-25 11:37:38,204 - DEBUG - Capturing frame...
2025-06-25 11:37:38,436 - DEBUG - Capturing frame...
2025-06-25 11:37:38,655 - DEBUG - Capturing frame...
2025-06-25 11:37:38,888 - DEBUG - Capturing frame...
2025-06-25 11:37:39,107 - DEBUG - Capturing frame...
2025-06-25 11:37:39,325 - DEBUG - Capturing frame...
2025-06-25 11:37:39,540 - INFO - Computed PSNR: 14.85 for SKU NEA_Korea_100ml
2025-06-25 11:37:39,541 - DEBUG - Running detection on frame with conf=0.02, iou=0.55
2025-06-25 11:37:39,668 - INFO - Detected 13 valid boxes. Clamp class count: 1
2025-06-25 11:37:39,684 - DEBUG - Capturing frame...
2025-06-25 11:37:39,903 - DEBUG - Capturing frame...
2025-06-25 11:37:40,122 - DEBUG - Capturing frame...
2025-06-25 11:37:40,352 - DEBUG - Capturing frame...
2025-06-25 11:37:40,572 - DEBUG - Capturing frame...
2025-06-25 11:37:40,742 - INFO - Computed PSNR: 13.33 for SKU NEA_Korea_100ml
2025-06-25 11:37:40,742 - DEBUG - Running detection on frame with conf=0.02, iou=0.55
2025-06-25 11:37:40,955 - INFO - Detected 13 valid boxes. Clamp class count: 1
2025-06-25 11:37:40,965 - DEBUG - Capturing frame...
2025-06-25 11:37:41,184 - DEBUG - Capturing frame...
2025-06-25 11:37:41,414 - DEBUG - Capturing frame...
2025-06-25 11:37:41,565 - INFO - Computed PSNR: 15.60 for SKU NEA_Korea_100ml
2025-06-25 11:37:41,565 - DEBUG - Running detection on frame with conf=0.02, iou=0.55
2025-06-25 11:37:41,627 - INFO - Detected 13 valid boxes. Clamp class count: 1
2025-06-25 11:37:41,633 - DEBUG - Capturing frame...
2025-06-25 11:37:41,852 - DEBUG - Capturing frame...
2025-06-25 11:37:42,070 - DEBUG - Capturing frame...
2025-06-25 11:37:42,290 - DEBUG - Capturing frame...
2025-06-25 11:37:42,415 - INFO - Computed PSNR: 12.90 for SKU NEA_Korea_100ml
2025-06-25 11:37:42,415 - DEBUG - Running detection on frame with conf=0.02, iou=0.55
2025-06-25 11:37:42,488 - INFO - Detected 13 valid boxes. Clamp class count: 1
2025-06-25 11:37:42,493 - DEBUG - Capturing frame...
2025-06-25 11:37:42,716 - DEBUG - Capturing frame...
2025-06-25 11:37:42,936 - DEBUG - Capturing frame...
2025-06-25 11:37:43,154 - DEBUG - Capturing frame...
2025-06-25 11:37:43,371 - INFO - Computed PSNR: 12.60 for SKU NEA_Korea_100ml
2025-06-25 11:37:43,372 - DEBUG - Running detection on frame with conf=0.02, iou=0.55
2025-06-25 11:37:43,534 - INFO - Detected 13 valid boxes. Clamp class count: 1
2025-06-25 11:37:43,547 - DEBUG - Capturing frame...
2025-06-25 11:37:43,765 - DEBUG - Capturing frame...
2025-06-25 11:37:43,981 - DEBUG - Capturing frame...
2025-06-25 11:37:44,076 - INFO - Computed PSNR: 15.00 for SKU NEA_Korea_100ml
2025-06-25 11:37:44,077 - DEBUG - Running detection on frame with conf=0.02, iou=0.55
2025-06-25 11:37:44,138 - INFO - Detected 13 valid boxes. Clamp class count: 1
2025-06-25 11:37:44,155 - DEBUG - Capturing frame...
2025-06-25 11:37:44,376 - DEBUG - Capturing frame...
2025-06-25 11:37:44,594 - DEBUG - Capturing frame...
2025-06-25 11:37:44,813 - DEBUG - Capturing frame...
2025-06-25 11:37:44,981 - INFO - Computed PSNR: 13.77 for SKU NEA_Korea_100ml
2025-06-25 11:37:44,982 - DEBUG - Running detection on frame with conf=0.02, iou=0.55
2025-06-25 11:37:45,089 - INFO - Detected 13 valid boxes. Clamp class count: 1
2025-06-25 11:37:45,096 - DEBUG - Capturing frame...
2025-06-25 11:37:45,318 - DEBUG - Capturing frame...
2025-06-25 11:37:45,535 - DEBUG - Capturing frame...
2025-06-25 11:37:45,725 - INFO - Computed PSNR: 14.63 for SKU NEA_Korea_100ml
2025-06-25 11:37:45,725 - DEBUG - Running detection on frame with conf=0.02, iou=0.55
2025-06-25 11:37:45,833 - INFO - Detected 13 valid boxes. Clamp class count: 1
2025-06-25 11:37:45,837 - DEBUG - Capturing frame...
2025-06-25 11:37:46,057 - DEBUG - Capturing frame...
2025-06-25 11:37:46,276 - DEBUG - Capturing frame...
2025-06-25 11:37:46,494 - DEBUG - Capturing frame...
2025-06-25 11:37:46,600 - INFO - Computed PSNR: 14.48 for SKU NEA_Korea_100ml
2025-06-25 11:37:46,601 - DEBUG - Running detection on frame with conf=0.02, iou=0.55
2025-06-25 11:37:46,717 - INFO - Detected 13 valid boxes. Clamp class count: 1
2025-06-25 11:37:46,730 - DEBUG - Capturing frame...
2025-06-25 11:37:46,947 - DEBUG - Capturing frame...
2025-06-25 11:37:47,167 - DEBUG - Capturing frame...
2025-06-25 11:37:47,384 - DEBUG - Capturing frame...
2025-06-25 11:37:47,520 - INFO - Computed PSNR: 15.70 for SKU NEA_Korea_100ml
2025-06-25 11:37:47,520 - DEBUG - Running detection on frame with conf=0.02, iou=0.55
2025-06-25 11:37:47,634 - INFO - Detected 13 valid boxes. Clamp class count: 1
2025-06-25 11:37:47,649 - DEBUG - Capturing frame...
2025-06-25 11:37:47,869 - DEBUG - Capturing frame...
2025-06-25 11:37:48,088 - DEBUG - Capturing frame...
2025-06-25 11:37:48,308 - DEBUG - Capturing frame...
2025-06-25 11:37:48,501 - INFO - Computed PSNR: 13.56 for SKU NEA_Korea_100ml
2025-06-25 11:37:48,501 - DEBUG - Running detection on frame with conf=0.02, iou=0.55
2025-06-25 11:37:48,561 - INFO - Detected 13 valid boxes. Clamp class count: 1
2025-06-25 11:37:48,574 - DEBUG - Capturing frame...
2025-06-25 11:37:48,790 - DEBUG - Capturing frame...
2025-06-25 11:37:49,007 - DEBUG - Capturing frame...
2025-06-25 11:37:49,247 - INFO - Computed PSNR: 13.31 for SKU NEA_Korea_100ml
2025-06-25 11:37:49,248 - DEBUG - Running detection on frame with conf=0.02, iou=0.55
2025-06-25 11:37:49,300 - INFO - Detected 13 valid boxes. Clamp class count: 1
2025-06-25 11:37:49,319 - DEBUG - Capturing frame...
2025-06-25 11:37:49,538 - DEBUG - Capturing frame...
2025-06-25 11:37:49,756 - DEBUG - Capturing frame...
2025-06-25 11:37:49,974 - DEBUG - Capturing frame...
2025-06-25 11:37:50,149 - INFO - Computed PSNR: 14.02 for SKU NEA_Korea_100ml
2025-06-25 11:37:50,149 - DEBUG - Running detection on frame with conf=0.02, iou=0.55
2025-06-25 11:37:50,237 - INFO - Detected 13 valid boxes. Clamp class count: 1
2025-06-25 11:37:50,242 - DEBUG - Capturing frame...
2025-06-25 11:37:50,460 - DEBUG - Capturing frame...
2025-06-25 11:37:50,678 - DEBUG - Capturing frame...
2025-06-25 11:37:50,897 - DEBUG - Capturing frame...
2025-06-25 11:37:51,033 - INFO - Computed PSNR: 14.59 for SKU NEA_Korea_100ml
2025-06-25 11:37:51,033 - DEBUG - Running detection on frame with conf=0.02, iou=0.55
2025-06-25 11:37:51,090 - INFO - Detected 13 valid boxes. Clamp class count: 1
2025-06-25 11:37:51,101 - DEBUG - Capturing frame...
2025-06-25 11:37:51,317 - DEBUG - Capturing frame...
2025-06-25 11:37:51,537 - DEBUG - Capturing frame...
2025-06-25 11:37:51,757 - DEBUG - Capturing frame...
2025-06-25 11:37:51,922 - INFO - Computed PSNR: 15.32 for SKU NEA_Korea_100ml
2025-06-25 11:37:51,923 - DEBUG - Running detection on frame with conf=0.02, iou=0.55
2025-06-25 11:37:51,975 - INFO - Detected 13 valid boxes. Clamp class count: 1
2025-06-25 11:37:51,992 - DEBUG - Capturing frame...
2025-06-25 11:37:52,211 - DEBUG - Capturing frame...
2025-06-25 11:37:52,429 - DEBUG - Capturing frame...
2025-06-25 11:37:52,649 - DEBUG - Capturing frame...
2025-06-25 11:37:52,700 - INFO - Computed PSNR: 14.57 for SKU NEA_Korea_100ml
2025-06-25 11:37:52,700 - DEBUG - Running detection on frame with conf=0.02, iou=0.55
2025-06-25 11:37:52,753 - INFO - Detected 13 valid boxes. Clamp class count: 1
2025-06-25 11:37:52,758 - DEBUG - Capturing frame...
2025-06-25 11:37:52,978 - DEBUG - Capturing frame...
2025-06-25 11:37:53,200 - DEBUG - Capturing frame...
2025-06-25 11:37:53,419 - DEBUG - Capturing frame...
2025-06-25 11:37:53,585 - INFO - Computed PSNR: 15.34 for SKU NEA_Korea_100ml
2025-06-25 11:37:53,585 - DEBUG - Running detection on frame with conf=0.02, iou=0.55
2025-06-25 11:37:53,807 - INFO - Detected 13 valid boxes. Clamp class count: 1
2025-06-25 11:37:53,811 - DEBUG - Capturing frame...
2025-06-25 11:37:54,030 - DEBUG - Capturing frame...
2025-06-25 11:37:54,248 - DEBUG - Capturing frame...
2025-06-25 11:37:54,465 - DEBUG - Capturing frame...
2025-06-25 11:37:54,683 - DEBUG - Capturing frame...
2025-06-25 11:37:54,902 - DEBUG - Capturing frame...
2025-06-25 11:37:55,118 - DEBUG - Capturing frame...
2025-06-25 11:37:55,339 - DEBUG - Capturing frame...
2025-06-25 11:37:55,555 - DEBUG - Capturing frame...
2025-06-25 11:37:55,774 - DEBUG - Capturing frame...
2025-06-25 11:37:55,994 - DEBUG - Capturing frame...
2025-06-25 11:37:56,212 - DEBUG - Capturing frame...
2025-06-25 11:37:56,444 - DEBUG - Capturing frame...
2025-06-25 11:37:56,662 - DEBUG - Capturing frame...
2025-06-25 11:37:56,882 - DEBUG - Capturing frame...
2025-06-25 11:37:57,101 - DEBUG - Capturing frame...
2025-06-25 11:37:57,322 - DEBUG - Capturing frame...
2025-06-25 11:37:57,540 - DEBUG - Capturing frame...
2025-06-25 11:37:57,758 - DEBUG - Capturing frame...
2025-06-25 11:37:57,887 - INFO - Computed PSNR: 14.59 for SKU NEA_Korea_100ml
2025-06-25 11:37:57,887 - DEBUG - Running detection on frame with conf=0.02, iou=0.55
2025-06-25 11:37:57,991 - INFO - Detected 13 valid boxes. Clamp class count: 1
2025-06-25 11:37:58,009 - DEBUG - Capturing frame...
2025-06-25 11:37:58,226 - DEBUG - Capturing frame...
2025-06-25 11:37:58,444 - DEBUG - Capturing frame...
2025-06-25 11:37:58,665 - DEBUG - Capturing frame...
2025-06-25 11:37:58,874 - INFO - Computed PSNR: 13.28 for SKU NEA_Korea_100ml
2025-06-25 11:37:58,874 - DEBUG - Running detection on frame with conf=0.02, iou=0.55
2025-06-25 11:37:59,005 - INFO - Detected 13 valid boxes. Clamp class count: 1
2025-06-25 11:37:59,012 - DEBUG - Capturing frame...
2025-06-25 11:37:59,231 - DEBUG - Capturing frame...
2025-06-25 11:37:59,450 - DEBUG - Capturing frame...
2025-06-25 11:37:59,668 - DEBUG - Capturing frame...
2025-06-25 11:37:59,774 - INFO - Computed PSNR: 14.28 for SKU NEA_Korea_100ml
2025-06-25 11:37:59,775 - DEBUG - Running detection on frame with conf=0.02, iou=0.55
2025-06-25 11:37:59,880 - INFO - Detected 13 valid boxes. Clamp class count: 1
2025-06-25 11:37:59,887 - DEBUG - Capturing frame...
2025-06-25 11:38:00,106 - DEBUG - Capturing frame...
2025-06-25 11:38:00,326 - DEBUG - Capturing frame...
2025-06-25 11:38:00,580 - INFO - Computed PSNR: 13.42 for SKU NEA_Korea_100ml
2025-06-25 11:38:00,580 - DEBUG - Running detection on frame with conf=0.02, iou=0.55
2025-06-25 11:38:00,683 - INFO - Detected 13 valid boxes. Clamp class count: 1
2025-06-25 11:38:00,701 - DEBUG - Capturing frame...
2025-06-25 11:38:00,920 - DEBUG - Capturing frame...
2025-06-25 11:38:01,139 - DEBUG - Capturing frame...
2025-06-25 11:38:01,359 - DEBUG - Capturing frame...
2025-06-25 11:38:01,454 - INFO - Computed PSNR: 16.05 for SKU NEA_Korea_100ml
2025-06-25 11:38:01,454 - DEBUG - Running detection on frame with conf=0.02, iou=0.55
2025-06-25 11:38:01,552 - INFO - Detected 13 valid boxes. Clamp class count: 1
2025-06-25 11:38:01,560 - DEBUG - Capturing frame...
2025-06-25 11:38:01,779 - DEBUG - Capturing frame...
2025-06-25 11:38:02,001 - DEBUG - Capturing frame...
2025-06-25 11:38:02,219 - DEBUG - Capturing frame...
2025-06-25 11:38:02,327 - INFO - Computed PSNR: 14.36 for SKU NEA_Korea_100ml
2025-06-25 11:38:02,328 - DEBUG - Running detection on frame with conf=0.02, iou=0.55
2025-06-25 11:38:02,428 - INFO - Detected 13 valid boxes. Clamp class count: 1
2025-06-25 11:38:02,438 - DEBUG - Capturing frame...
2025-06-25 11:38:02,657 - DEBUG - Capturing frame...
2025-06-25 11:38:02,874 - DEBUG - Capturing frame...
2025-06-25 11:38:03,145 - INFO - Computed PSNR: 13.25 for SKU NEA_Korea_100ml
2025-06-25 11:38:03,145 - DEBUG - Running detection on frame with conf=0.02, iou=0.55
2025-06-25 11:38:03,438 - INFO - Detected 13 valid boxes. Clamp class count: 1
2025-06-25 11:38:03,451 - DEBUG - Capturing frame...
2025-06-25 11:38:03,667 - DEBUG - Capturing frame...
2025-06-25 11:38:03,886 - DEBUG - Capturing frame...
2025-06-25 11:38:03,947 - INFO - Computed PSNR: 13.13 for SKU NEA_Korea_100ml
2025-06-25 11:38:03,948 - DEBUG - Running detection on frame with conf=0.02, iou=0.55
2025-06-25 11:38:04,008 - INFO - Detected 13 valid boxes. Clamp class count: 1
2025-06-25 11:38:04,011 - DEBUG - Capturing frame...
2025-06-25 11:38:04,229 - DEBUG - Capturing frame...
2025-06-25 11:38:04,448 - DEBUG - Capturing frame...
2025-06-25 11:38:04,668 - DEBUG - Capturing frame...
2025-06-25 11:38:04,887 - DEBUG - Capturing frame...
2025-06-25 11:38:04,967 - INFO - Computed PSNR: 12.53 for SKU NEA_Korea_100ml
2025-06-25 11:38:04,968 - DEBUG - Running detection on frame with conf=0.02, iou=0.55
2025-06-25 11:38:05,023 - INFO - Detected 13 valid boxes. Clamp class count: 1
2025-06-25 11:38:05,028 - DEBUG - Capturing frame...
2025-06-25 11:38:05,247 - DEBUG - Capturing frame...
2025-06-25 11:38:05,466 - DEBUG - Capturing frame...
2025-06-25 11:38:05,684 - DEBUG - Capturing frame...
2025-06-25 11:38:05,762 - INFO - Computed PSNR: 15.06 for SKU NEA_Korea_100ml
2025-06-25 11:38:05,762 - DEBUG - Running detection on frame with conf=0.02, iou=0.55
2025-06-25 11:38:05,872 - INFO - Detected 13 valid boxes. Clamp class count: 1
2025-06-25 11:38:05,888 - DEBUG - Capturing frame...
2025-06-25 11:38:06,106 - DEBUG - Capturing frame...
2025-06-25 11:38:06,324 - DEBUG - Capturing frame...
2025-06-25 11:38:06,542 - DEBUG - Capturing frame...
2025-06-25 11:38:06,643 - INFO - Computed PSNR: 16.33 for SKU NEA_Korea_100ml
2025-06-25 11:38:06,644 - DEBUG - Running detection on frame with conf=0.02, iou=0.55
2025-06-25 11:38:06,758 - INFO - Detected 13 valid boxes. Clamp class count: 1
2025-06-25 11:38:06,764 - DEBUG - Capturing frame...
2025-06-25 11:38:06,984 - DEBUG - Capturing frame...
2025-06-25 11:38:07,203 - DEBUG - Capturing frame...
2025-06-25 11:38:07,424 - INFO - Computed PSNR: 15.58 for SKU NEA_Korea_100ml
2025-06-25 11:38:07,425 - DEBUG - Running detection on frame with conf=0.02, iou=0.55
2025-06-25 11:38:07,631 - INFO - Detected 13 valid boxes. Clamp class count: 1
2025-06-25 11:38:07,641 - DEBUG - Capturing frame...
2025-06-25 11:38:07,859 - DEBUG - Capturing frame...
2025-06-25 11:38:08,077 - DEBUG - Capturing frame...
2025-06-25 11:38:08,296 - DEBUG - Capturing frame...
2025-06-25 11:38:08,347 - INFO - Computed PSNR: 13.06 for SKU NEA_Korea_100ml
2025-06-25 11:38:08,347 - DEBUG - Running detection on frame with conf=0.02, iou=0.55
2025-06-25 11:38:08,402 - INFO - Detected 13 valid boxes. Clamp class count: 1
2025-06-25 11:38:08,406 - DEBUG - Capturing frame...
2025-06-25 11:38:08,624 - DEBUG - Capturing frame...
2025-06-25 11:38:08,843 - DEBUG - Capturing frame...
2025-06-25 11:38:09,063 - DEBUG - Capturing frame...
2025-06-25 11:38:09,276 - INFO - Computed PSNR: 13.30 for SKU NEA_Korea_100ml
2025-06-25 11:38:09,276 - DEBUG - Running detection on frame with conf=0.02, iou=0.55
2025-06-25 11:38:09,328 - INFO - Detected 13 valid boxes. Clamp class count: 1
2025-06-25 11:38:09,331 - DEBUG - Capturing frame...
2025-06-25 11:38:09,548 - DEBUG - Capturing frame...
2025-06-25 11:38:09,769 - DEBUG - Capturing frame...
2025-06-25 11:38:09,989 - DEBUG - Capturing frame...
2025-06-25 11:38:10,038 - INFO - Computed PSNR: 13.33 for SKU NEA_Korea_100ml
2025-06-25 11:38:10,038 - DEBUG - Running detection on frame with conf=0.02, iou=0.55
2025-06-25 11:38:10,157 - INFO - Detected 13 valid boxes. Clamp class count: 1
2025-06-25 11:38:10,163 - DEBUG - Capturing frame...
2025-06-25 11:38:10,382 - DEBUG - Capturing frame...
2025-06-25 11:38:10,601 - DEBUG - Capturing frame...
2025-06-25 11:38:10,836 - INFO - Computed PSNR: 14.32 for SKU NEA_Korea_100ml
2025-06-25 11:38:10,837 - DEBUG - Running detection on frame with conf=0.02, iou=0.55
2025-06-25 11:38:10,950 - INFO - Detected 13 valid boxes. Clamp class count: 1
2025-06-25 11:38:10,959 - DEBUG - Capturing frame...
2025-06-25 11:38:11,177 - DEBUG - Capturing frame...
2025-06-25 11:38:11,397 - DEBUG - Capturing frame...
2025-06-25 11:38:11,634 - INFO - Computed PSNR: 13.11 for SKU NEA_Korea_100ml
2025-06-25 11:38:11,634 - DEBUG - Running detection on frame with conf=0.02, iou=0.55
2025-06-25 11:38:11,732 - INFO - Detected 13 valid boxes. Clamp class count: 1
2025-06-25 11:38:11,739 - DEBUG - Capturing frame...
2025-06-25 11:38:11,958 - DEBUG - Capturing frame...
2025-06-25 11:38:12,176 - DEBUG - Capturing frame...
2025-06-25 11:38:12,396 - DEBUG - Capturing frame...
2025-06-25 11:38:12,589 - INFO - Computed PSNR: 14.56 for SKU NEA_Korea_100ml
2025-06-25 11:38:12,589 - DEBUG - Running detection on frame with conf=0.02, iou=0.55
2025-06-25 11:38:12,686 - INFO - Detected 13 valid boxes. Clamp class count: 1
2025-06-25 11:38:12,692 - DEBUG - Capturing frame...
2025-06-25 11:38:12,912 - DEBUG - Capturing frame...
2025-06-25 11:38:13,132 - DEBUG - Capturing frame...
2025-06-25 11:38:13,352 - DEBUG - Capturing frame...
2025-06-25 11:38:13,465 - INFO - Computed PSNR: 14.53 for SKU NEA_Korea_100ml
2025-06-25 11:38:13,465 - DEBUG - Running detection on frame with conf=0.02, iou=0.55
2025-06-25 11:38:13,570 - INFO - Detected 13 valid boxes. Clamp class count: 1
2025-06-25 11:38:13,586 - DEBUG - Capturing frame...
2025-06-25 11:38:13,806 - DEBUG - Capturing frame...
2025-06-25 11:38:14,039 - DEBUG - Capturing frame...
2025-06-25 11:38:14,271 - DEBUG - Capturing frame...
2025-06-25 11:38:14,466 - INFO - Computed PSNR: 14.07 for SKU NEA_Korea_100ml
2025-06-25 11:38:14,467 - DEBUG - Running detection on frame with conf=0.02, iou=0.55
2025-06-25 11:38:14,641 - INFO - Detected 13 valid boxes. Clamp class count: 1
2025-06-25 11:38:14,649 - DEBUG - Capturing frame...
2025-06-25 11:38:14,868 - DEBUG - Capturing frame...
2025-06-25 11:38:15,089 - DEBUG - Capturing frame...
2025-06-25 11:38:15,307 - DEBUG - Capturing frame...
2025-06-25 11:38:15,524 - DEBUG - Capturing frame...
2025-06-25 11:38:15,755 - DEBUG - Capturing frame...
2025-06-25 11:38:15,975 - DEBUG - Capturing frame...
2025-06-25 11:38:16,208 - DEBUG - Capturing frame...
2025-06-25 11:38:16,430 - DEBUG - Capturing frame...
2025-06-25 11:38:16,650 - DEBUG - Capturing frame...
2025-06-25 11:38:16,869 - DEBUG - Capturing frame...
2025-06-25 11:38:17,091 - DEBUG - Capturing frame...
2025-06-25 11:38:17,313 - DEBUG - Capturing frame...
2025-06-25 11:38:17,532 - DEBUG - Capturing frame...
2025-06-25 11:38:17,750 - DEBUG - Capturing frame...
2025-06-25 11:38:17,970 - DEBUG - Capturing frame...
2025-06-25 11:38:18,126 - INFO - Computed PSNR: 14.63 for SKU NEA_Korea_100ml
2025-06-25 11:38:18,126 - DEBUG - Running detection on frame with conf=0.02, iou=0.55
2025-06-25 11:38:18,182 - INFO - Detected 13 valid boxes. Clamp class count: 1
2025-06-25 11:38:18,190 - DEBUG - Capturing frame...
2025-06-25 11:38:18,410 - DEBUG - Capturing frame...
2025-06-25 11:38:18,643 - DEBUG - Capturing frame...
2025-06-25 11:38:18,862 - DEBUG - Capturing frame...
2025-06-25 11:38:19,020 - INFO - Computed PSNR: 14.59 for SKU NEA_Korea_100ml
2025-06-25 11:38:19,020 - DEBUG - Running detection on frame with conf=0.02, iou=0.55
2025-06-25 11:38:19,081 - INFO - Detected 13 valid boxes. Clamp class count: 1
2025-06-25 11:38:19,084 - DEBUG - Capturing frame...
2025-06-25 11:38:19,301 - DEBUG - Capturing frame...
2025-06-25 11:38:19,519 - DEBUG - Capturing frame...
2025-06-25 11:38:19,736 - DEBUG - Capturing frame...
2025-06-25 11:38:19,872 - INFO - Computed PSNR: 13.55 for SKU NEA_Korea_100ml
2025-06-25 11:38:19,872 - DEBUG - Running detection on frame with conf=0.02, iou=0.55
2025-06-25 11:38:19,972 - INFO - Detected 13 valid boxes. Clamp class count: 1
2025-06-25 11:38:19,986 - DEBUG - Capturing frame...
2025-06-25 11:38:20,204 - DEBUG - Capturing frame...
2025-06-25 11:38:20,423 - DEBUG - Capturing frame...
2025-06-25 11:38:20,682 - INFO - Computed PSNR: 14.51 for SKU NEA_Korea_100ml
2025-06-25 11:38:20,683 - DEBUG - Running detection on frame with conf=0.02, iou=0.55
2025-06-25 11:38:20,793 - INFO - Detected 13 valid boxes. Clamp class count: 1
2025-06-25 11:38:20,797 - DEBUG - Capturing frame...
2025-06-25 11:38:21,015 - DEBUG - Capturing frame...
2025-06-25 11:38:21,233 - DEBUG - Capturing frame...
2025-06-25 11:38:21,466 - DEBUG - Capturing frame...
2025-06-25 11:38:21,538 - INFO - Computed PSNR: 14.53 for SKU NEA_Korea_100ml
2025-06-25 11:38:21,539 - DEBUG - Running detection on frame with conf=0.02, iou=0.55
2025-06-25 11:38:21,716 - INFO - Detected 13 valid boxes. Clamp class count: 1
2025-06-25 11:38:21,729 - DEBUG - Capturing frame...
2025-06-25 11:38:21,948 - DEBUG - Capturing frame...
2025-06-25 11:38:22,165 - DEBUG - Capturing frame...
2025-06-25 11:38:22,384 - DEBUG - Capturing frame...
2025-06-25 11:38:22,520 - INFO - Computed PSNR: 15.14 for SKU NEA_Korea_100ml
2025-06-25 11:38:22,520 - DEBUG - Running detection on frame with conf=0.02, iou=0.55
2025-06-25 11:38:22,678 - INFO - Detected 13 valid boxes. Clamp class count: 1
2025-06-25 11:38:22,695 - DEBUG - Capturing frame...
2025-06-25 11:38:22,914 - DEBUG - Capturing frame...
2025-06-25 11:38:23,133 - DEBUG - Capturing frame...
2025-06-25 11:38:23,279 - INFO - Computed PSNR: 12.59 for SKU NEA_Korea_100ml
2025-06-25 11:38:23,279 - DEBUG - Running detection on frame with conf=0.02, iou=0.55
2025-06-25 11:38:23,393 - INFO - Detected 13 valid boxes. Clamp class count: 1
2025-06-25 11:38:23,398 - DEBUG - Capturing frame...
2025-06-25 11:38:23,614 - DEBUG - Capturing frame...
2025-06-25 11:38:23,832 - DEBUG - Capturing frame...
2025-06-25 11:38:24,052 - DEBUG - Capturing frame...
2025-06-25 11:38:24,122 - INFO - Computed PSNR: 11.88 for SKU NEA_Korea_100ml
2025-06-25 11:38:24,122 - DEBUG - Running detection on frame with conf=0.02, iou=0.55
2025-06-25 11:38:24,220 - INFO - Detected 13 valid boxes. Clamp class count: 1
2025-06-25 11:38:24,226 - DEBUG - Capturing frame...
2025-06-25 11:38:24,444 - DEBUG - Capturing frame...
2025-06-25 11:38:24,663 - DEBUG - Capturing frame...
2025-06-25 11:38:24,882 - DEBUG - Capturing frame...
2025-06-25 11:38:24,972 - INFO - Computed PSNR: 14.70 for SKU NEA_Korea_100ml
2025-06-25 11:38:24,972 - DEBUG - Running detection on frame with conf=0.02, iou=0.55
2025-06-25 11:38:25,153 - INFO - Detected 13 valid boxes. Clamp class count: 1
2025-06-25 11:38:25,166 - DEBUG - Capturing frame...
2025-06-25 11:38:25,384 - DEBUG - Capturing frame...
2025-06-25 11:38:25,616 - DEBUG - Capturing frame...
2025-06-25 11:38:25,802 - INFO - Computed PSNR: 12.57 for SKU NEA_Korea_100ml
2025-06-25 11:38:25,802 - DEBUG - Running detection on frame with conf=0.02, iou=0.55
2025-06-25 11:38:25,974 - INFO - Detected 13 valid boxes. Clamp class count: 1
2025-06-25 11:38:25,977 - DEBUG - Capturing frame...
2025-06-25 11:38:26,194 - DEBUG - Capturing frame...
2025-06-25 11:38:26,414 - DEBUG - Capturing frame...
2025-06-25 11:38:26,631 - DEBUG - Capturing frame...
2025-06-25 11:38:26,695 - INFO - Computed PSNR: 12.74 for SKU NEA_Korea_100ml
2025-06-25 11:38:26,695 - DEBUG - Running detection on frame with conf=0.02, iou=0.55
2025-06-25 11:38:26,757 - INFO - Detected 13 valid boxes. Clamp class count: 1
2025-06-25 11:38:26,772 - DEBUG - Capturing frame...
2025-06-25 11:38:26,991 - DEBUG - Capturing frame...
2025-06-25 11:38:27,209 - DEBUG - Capturing frame...
2025-06-25 11:38:27,427 - DEBUG - Capturing frame...
2025-06-25 11:38:27,500 - INFO - Computed PSNR: 14.88 for SKU NEA_Korea_100ml
2025-06-25 11:38:27,501 - DEBUG - Running detection on frame with conf=0.02, iou=0.55
2025-06-25 11:38:27,552 - INFO - Detected 13 valid boxes. Clamp class count: 1
2025-06-25 11:38:27,566 - DEBUG - Capturing frame...
2025-06-25 11:38:27,784 - DEBUG - Capturing frame...
2025-06-25 11:38:28,003 - DEBUG - Capturing frame...
2025-06-25 11:38:28,235 - DEBUG - Capturing frame...
2025-06-25 11:38:28,454 - DEBUG - Capturing frame...
2025-06-25 11:38:28,511 - INFO - Computed PSNR: 13.79 for SKU NEA_Korea_100ml
2025-06-25 11:38:28,512 - DEBUG - Running detection on frame with conf=0.02, iou=0.55
2025-06-25 11:38:28,544 - INFO - Detected 13 valid boxes. Clamp class count: 1
2025-06-25 11:38:28,548 - DEBUG - Capturing frame...
2025-06-25 11:38:28,765 - DEBUG - Capturing frame...
2025-06-25 11:38:28,984 - DEBUG - Capturing frame...
2025-06-25 11:38:29,202 - DEBUG - Capturing frame...
2025-06-25 11:38:29,303 - INFO - Computed PSNR: 13.16 for SKU NEA_Korea_100ml
2025-06-25 11:38:29,304 - DEBUG - Running detection on frame with conf=0.02, iou=0.55
2025-06-25 11:38:29,360 - INFO - Detected 13 valid boxes. Clamp class count: 1
2025-06-25 11:38:29,374 - DEBUG - Capturing frame...
2025-06-25 11:38:29,592 - DEBUG - Capturing frame...
2025-06-25 11:38:29,811 - DEBUG - Capturing frame...
2025-06-25 11:38:30,030 - DEBUG - Capturing frame...
2025-06-25 11:38:30,167 - INFO - Computed PSNR: 14.77 for SKU NEA_Korea_100ml
2025-06-25 11:38:30,168 - DEBUG - Running detection on frame with conf=0.02, iou=0.55
2025-06-25 11:38:30,267 - INFO - Detected 13 valid boxes. Clamp class count: 1
2025-06-25 11:38:30,284 - DEBUG - Capturing frame...
2025-06-25 11:38:30,503 - DEBUG - Capturing frame...
2025-06-25 11:38:30,733 - DEBUG - Capturing frame...
2025-06-25 11:38:30,952 - DEBUG - Capturing frame...
2025-06-25 11:38:31,012 - INFO - Computed PSNR: 13.33 for SKU NEA_Korea_100ml
2025-06-25 11:38:31,012 - DEBUG - Running detection on frame with conf=0.02, iou=0.55
2025-06-25 11:38:31,131 - INFO - Detected 13 valid boxes. Clamp class count: 1
2025-06-25 11:38:31,141 - DEBUG - Capturing frame...
2025-06-25 11:38:31,361 - DEBUG - Capturing frame...
2025-06-25 11:38:31,579 - DEBUG - Capturing frame...
2025-06-25 11:38:31,799 - DEBUG - Capturing frame...
2025-06-25 11:38:32,019 - DEBUG - Capturing frame...
2025-06-25 11:38:32,238 - DEBUG - Capturing frame...
2025-06-25 11:38:32,456 - DEBUG - Capturing frame...
2025-06-25 11:38:32,673 - DEBUG - Capturing frame...
2025-06-25 11:38:32,893 - DEBUG - Capturing frame...
2025-06-25 11:38:33,113 - DEBUG - Capturing frame...
2025-06-25 11:38:33,333 - DEBUG - Capturing frame...
2025-06-25 11:38:33,551 - DEBUG - Capturing frame...
2025-06-25 11:38:33,771 - DEBUG - Capturing frame...
2025-06-25 11:38:33,992 - DEBUG - Capturing frame...
2025-06-25 11:38:34,223 - DEBUG - Capturing frame...
2025-06-25 11:38:34,433 - DEBUG - Capturing frame...
2025-06-25 11:38:34,662 - DEBUG - Capturing frame...
2025-06-25 11:38:34,867 - INFO - Computed PSNR: 13.08 for SKU NEA_Korea_100ml
2025-06-25 11:38:34,869 - DEBUG - Running detection on frame with conf=0.02, iou=0.55
2025-06-25 11:38:35,238 - INFO - Detected 13 valid boxes. Clamp class count: 1
2025-06-25 11:38:35,248 - DEBUG - Capturing frame...
2025-06-25 11:38:35,468 - DEBUG - Capturing frame...
2025-06-25 11:38:35,684 - DEBUG - Capturing frame...
2025-06-25 11:38:35,903 - DEBUG - Capturing frame...
2025-06-25 11:38:36,116 - INFO - Computed PSNR: 13.78 for SKU NEA_Korea_100ml
2025-06-25 11:38:36,116 - DEBUG - Running detection on frame with conf=0.02, iou=0.55
2025-06-25 11:38:36,171 - INFO - Detected 13 valid boxes. Clamp class count: 1
2025-06-25 11:38:36,185 - DEBUG - Capturing frame...
2025-06-25 11:38:36,405 - DEBUG - Capturing frame...
2025-06-25 11:38:36,639 - DEBUG - Capturing frame...
2025-06-25 11:38:36,895 - INFO - Computed PSNR: 15.74 for SKU NEA_Korea_100ml
2025-06-25 11:38:36,895 - DEBUG - Running detection on frame with conf=0.02, iou=0.55
2025-06-25 11:38:36,952 - INFO - Detected 13 valid boxes. Clamp class count: 1
2025-06-25 11:38:36,970 - DEBUG - Capturing frame...
2025-06-25 11:38:37,200 - DEBUG - Capturing frame...
2025-06-25 11:38:37,420 - DEBUG - Capturing frame...
2025-06-25 11:38:37,637 - DEBUG - Capturing frame...
2025-06-25 11:38:37,869 - INFO - Computed PSNR: 13.23 for SKU NEA_Korea_100ml
2025-06-25 11:38:37,869 - DEBUG - Running detection on frame with conf=0.02, iou=0.55
2025-06-25 11:38:38,192 - INFO - Detected 13 valid boxes. Clamp class count: 1
2025-06-25 11:38:38,203 - DEBUG - Capturing frame...
2025-06-25 11:38:38,423 - DEBUG - Capturing frame...
2025-06-25 11:38:38,633 - INFO - Computed PSNR: 13.56 for SKU NEA_Korea_100ml
2025-06-25 11:38:38,633 - DEBUG - Running detection on frame with conf=0.02, iou=0.55
2025-06-25 11:38:38,686 - INFO - Detected 13 valid boxes. Clamp class count: 1
2025-06-25 11:38:38,700 - DEBUG - Capturing frame...
2025-06-25 11:38:38,918 - DEBUG - Capturing frame...
2025-06-25 11:38:39,139 - DEBUG - Capturing frame...
2025-06-25 11:38:39,360 - DEBUG - Capturing frame...
2025-06-25 11:38:39,531 - INFO - Computed PSNR: 14.28 for SKU NEA_Korea_100ml
2025-06-25 11:38:39,531 - DEBUG - Running detection on frame with conf=0.02, iou=0.55
2025-06-25 11:38:39,585 - INFO - Detected 13 valid boxes. Clamp class count: 1
2025-06-25 11:38:39,597 - DEBUG - Capturing frame...
2025-06-25 11:38:39,816 - DEBUG - Capturing frame...
2025-06-25 11:38:40,047 - DEBUG - Capturing frame...
2025-06-25 11:38:40,265 - DEBUG - Capturing frame...
2025-06-25 11:38:40,497 - INFO - Computed PSNR: 12.86 for SKU NEA_Korea_100ml
2025-06-25 11:38:40,498 - DEBUG - Running detection on frame with conf=0.02, iou=0.55
2025-06-25 11:38:40,564 - INFO - Detected 13 valid boxes. Clamp class count: 1
2025-06-25 11:38:40,579 - DEBUG - Capturing frame...
2025-06-25 11:38:40,799 - DEBUG - Capturing frame...
2025-06-25 11:38:41,021 - DEBUG - Capturing frame...
2025-06-25 11:38:41,234 - INFO - Computed PSNR: 13.53 for SKU NEA_Korea_100ml
2025-06-25 11:38:41,235 - DEBUG - Running detection on frame with conf=0.02, iou=0.55
2025-06-25 11:38:41,341 - INFO - Detected 13 valid boxes. Clamp class count: 1
2025-06-25 11:38:41,353 - DEBUG - Capturing frame...
2025-06-25 11:38:41,573 - DEBUG - Capturing frame...
2025-06-25 11:38:41,793 - DEBUG - Capturing frame...
2025-06-25 11:38:42,047 - INFO - Computed PSNR: 14.84 for SKU NEA_Korea_100ml
2025-06-25 11:38:42,047 - DEBUG - Running detection on frame with conf=0.02, iou=0.55
2025-06-25 11:38:42,153 - INFO - Detected 13 valid boxes. Clamp class count: 1
2025-06-25 11:38:42,165 - DEBUG - Capturing frame...
2025-06-25 11:38:42,384 - DEBUG - Capturing frame...
2025-06-25 11:38:42,601 - DEBUG - Capturing frame...
2025-06-25 11:38:42,834 - DEBUG - Capturing frame...
2025-06-25 11:38:43,033 - INFO - Computed PSNR: 11.96 for SKU NEA_Korea_100ml
2025-06-25 11:38:43,034 - DEBUG - Running detection on frame with conf=0.02, iou=0.55
2025-06-25 11:38:43,425 - INFO - Detected 13 valid boxes. Clamp class count: 1
2025-06-25 11:38:43,432 - DEBUG - Capturing frame...
2025-06-25 11:38:43,651 - DEBUG - Capturing frame...
2025-06-25 11:38:43,706 - INFO - Computed PSNR: 14.83 for SKU NEA_Korea_100ml
2025-06-25 11:38:43,707 - DEBUG - Running detection on frame with conf=0.02, iou=0.55
2025-06-25 11:38:43,760 - INFO - Detected 13 valid boxes. Clamp class count: 1
2025-06-25 11:38:43,776 - DEBUG - Capturing frame...
2025-06-25 11:38:43,994 - DEBUG - Capturing frame...
2025-06-25 11:38:44,216 - DEBUG - Capturing frame...
2025-06-25 11:38:44,435 - DEBUG - Capturing frame...
2025-06-25 11:38:44,626 - INFO - Computed PSNR: 15.04 for SKU NEA_Korea_100ml
2025-06-25 11:38:44,626 - DEBUG - Running detection on frame with conf=0.02, iou=0.55
2025-06-25 11:38:44,683 - INFO - Detected 13 valid boxes. Clamp class count: 1
2025-06-25 11:38:44,698 - DEBUG - Capturing frame...
2025-06-25 11:38:44,915 - DEBUG - Capturing frame...
2025-06-25 11:38:45,135 - DEBUG - Capturing frame...
2025-06-25 11:38:45,355 - DEBUG - Capturing frame...
2025-06-25 11:38:45,498 - INFO - Computed PSNR: 13.35 for SKU NEA_Korea_100ml
2025-06-25 11:38:45,499 - DEBUG - Running detection on frame with conf=0.02, iou=0.55
2025-06-25 11:38:45,554 - INFO - Detected 13 valid boxes. Clamp class count: 1
2025-06-25 11:38:45,560 - DEBUG - Capturing frame...
2025-06-25 11:38:45,790 - DEBUG - Capturing frame...
2025-06-25 11:38:46,010 - DEBUG - Capturing frame...
2025-06-25 11:38:46,231 - DEBUG - Capturing frame...
2025-06-25 11:38:46,453 - INFO - Computed PSNR: 12.80 for SKU NEA_Korea_100ml
2025-06-25 11:38:46,453 - DEBUG - Running detection on frame with conf=0.02, iou=0.55
2025-06-25 11:38:46,560 - INFO - Detected 13 valid boxes. Clamp class count: 1
2025-06-25 11:38:46,578 - DEBUG - Capturing frame...
2025-06-25 11:38:46,795 - DEBUG - Capturing frame...
2025-06-25 11:38:47,014 - DEBUG - Capturing frame...
2025-06-25 11:38:47,237 - INFO - Computed PSNR: 13.69 for SKU NEA_Korea_100ml
2025-06-25 11:38:47,237 - DEBUG - Running detection on frame with conf=0.02, iou=0.55
2025-06-25 11:38:47,296 - INFO - Detected 13 valid boxes. Clamp class count: 1
2025-06-25 11:38:47,299 - DEBUG - Capturing frame...
2025-06-25 11:38:47,519 - DEBUG - Capturing frame...
2025-06-25 11:38:47,737 - DEBUG - Capturing frame...
2025-06-25 11:38:47,955 - DEBUG - Capturing frame...
2025-06-25 11:38:48,086 - INFO - Computed PSNR: 12.94 for SKU NEA_Korea_100ml
2025-06-25 11:38:48,086 - DEBUG - Running detection on frame with conf=0.02, iou=0.55
2025-06-25 11:38:48,185 - INFO - Detected 13 valid boxes. Clamp class count: 1
2025-06-25 11:38:48,192 - DEBUG - Capturing frame...
2025-06-25 11:38:48,409 - DEBUG - Capturing frame...
2025-06-25 11:38:48,628 - DEBUG - Capturing frame...
2025-06-25 11:38:48,846 - DEBUG - Capturing frame...
2025-06-25 11:38:48,895 - INFO - Computed PSNR: 13.95 for SKU NEA_Korea_100ml
2025-06-25 11:38:48,895 - DEBUG - Running detection on frame with conf=0.02, iou=0.55
2025-06-25 11:38:49,004 - INFO - Detected 13 valid boxes. Clamp class count: 1
2025-06-25 11:38:49,020 - DEBUG - Capturing frame...
2025-06-25 11:38:49,240 - DEBUG - Capturing frame...
2025-06-25 11:38:49,459 - DEBUG - Capturing frame...
2025-06-25 11:38:49,679 - DEBUG - Capturing frame...
2025-06-25 11:38:49,770 - INFO - Computed PSNR: 13.55 for SKU NEA_Korea_100ml
2025-06-25 11:38:49,771 - DEBUG - Running detection on frame with conf=0.02, iou=0.55
2025-06-25 11:38:49,879 - INFO - Detected 13 valid boxes. Clamp class count: 1
2025-06-25 11:38:49,898 - DEBUG - Capturing frame...
2025-06-25 11:38:50,117 - DEBUG - Capturing frame...
2025-06-25 11:38:50,335 - DEBUG - Capturing frame...
2025-06-25 11:38:50,554 - DEBUG - Capturing frame...
2025-06-25 11:38:50,646 - INFO - Computed PSNR: 15.08 for SKU NEA_Korea_100ml
2025-06-25 11:38:50,646 - DEBUG - Running detection on frame with conf=0.02, iou=0.55
2025-06-25 11:38:51,009 - INFO - Detected 13 valid boxes. Clamp class count: 1
2025-06-25 11:38:51,025 - DEBUG - Capturing frame...
2025-06-25 11:38:51,243 - DEBUG - Capturing frame...
2025-06-25 11:38:51,461 - DEBUG - Capturing frame...
2025-06-25 11:38:51,525 - INFO - Computed PSNR: 14.01 for SKU NEA_Korea_100ml
2025-06-25 11:38:51,526 - DEBUG - Running detection on frame with conf=0.02, iou=0.55
2025-06-25 11:38:51,580 - INFO - Detected 13 valid boxes. Clamp class count: 1
2025-06-25 11:38:51,586 - DEBUG - Capturing frame...
2025-06-25 11:38:51,803 - DEBUG - Capturing frame...
2025-06-25 11:38:52,022 - DEBUG - Capturing frame...
2025-06-25 11:38:52,240 - DEBUG - Capturing frame...
2025-06-25 11:38:52,458 - DEBUG - Capturing frame...
2025-06-25 11:38:52,675 - DEBUG - Capturing frame...
2025-06-25 11:38:52,895 - DEBUG - Capturing frame...
2025-06-25 11:38:53,113 - DEBUG - Capturing frame...
2025-06-25 11:38:53,333 - DEBUG - Capturing frame...
2025-06-25 11:38:53,553 - DEBUG - Capturing frame...
2025-06-25 11:38:53,770 - DEBUG - Capturing frame...
2025-06-25 11:38:53,991 - DEBUG - Capturing frame...
2025-06-25 11:38:54,210 - DEBUG - Capturing frame...
2025-06-25 11:38:54,428 - DEBUG - Capturing frame...
2025-06-25 11:38:54,645 - DEBUG - Capturing frame...
2025-06-25 11:38:54,864 - DEBUG - Capturing frame...
2025-06-25 11:38:55,082 - DEBUG - Capturing frame...
2025-06-25 11:38:55,300 - DEBUG - Capturing frame...
2025-06-25 11:38:55,520 - DEBUG - Capturing frame...
2025-06-25 11:38:55,737 - DEBUG - Capturing frame...
2025-06-25 11:38:55,956 - DEBUG - Capturing frame...
2025-06-25 11:38:56,176 - DEBUG - Capturing frame...
2025-06-25 11:38:56,394 - DEBUG - Capturing frame...
2025-06-25 11:38:56,627 - DEBUG - Capturing frame...
2025-06-25 11:38:56,846 - DEBUG - Capturing frame...
2025-06-25 11:38:57,066 - DEBUG - Capturing frame...
2025-06-25 11:38:57,287 - DEBUG - Capturing frame...
2025-06-25 11:38:57,506 - DEBUG - Capturing frame...
2025-06-25 11:38:57,724 - DEBUG - Capturing frame...
2025-06-25 11:38:57,945 - DEBUG - Capturing frame...
2025-06-25 11:38:58,165 - DEBUG - Capturing frame...
2025-06-25 11:38:58,398 - DEBUG - Capturing frame...
2025-06-25 11:38:58,617 - DEBUG - Capturing frame...
2025-06-25 11:38:58,849 - DEBUG - Capturing frame...
2025-06-25 11:38:59,080 - DEBUG - Capturing frame...
2025-06-25 11:38:59,301 - DEBUG - Capturing frame...
2025-06-25 11:38:59,535 - DEBUG - Capturing frame...
2025-06-25 11:38:59,753 - DEBUG - Capturing frame...
2025-06-25 11:38:59,971 - DEBUG - Capturing frame...
2025-06-25 11:39:00,205 - DEBUG - Capturing frame...
2025-06-25 11:39:00,425 - DEBUG - Capturing frame...
2025-06-25 11:39:00,645 - DEBUG - Capturing frame...
2025-06-25 11:39:00,864 - DEBUG - Capturing frame...
2025-06-25 11:39:01,082 - DEBUG - Capturing frame...
2025-06-25 11:39:01,313 - DEBUG - Capturing frame...
2025-06-25 11:39:01,532 - DEBUG - Capturing frame...
2025-06-25 11:39:01,751 - DEBUG - Capturing frame...
2025-06-25 11:39:01,969 - DEBUG - Capturing frame...
2025-06-25 11:39:02,188 - DEBUG - Capturing frame...
2025-06-25 11:39:02,406 - DEBUG - Capturing frame...
2025-06-25 11:39:02,624 - DEBUG - Capturing frame...
2025-06-25 11:39:02,845 - DEBUG - Capturing frame...
2025-06-25 11:39:03,063 - DEBUG - Capturing frame...
2025-06-25 11:39:03,282 - DEBUG - Capturing frame...
2025-06-25 11:39:03,504 - DEBUG - Capturing frame...
2025-06-25 11:39:03,723 - DEBUG - Capturing frame...
2025-06-25 11:39:03,942 - DEBUG - Capturing frame...
2025-06-25 11:39:04,162 - DEBUG - Capturing frame...
2025-06-25 11:39:04,380 - DEBUG - Capturing frame...
2025-06-25 11:39:04,599 - DEBUG - Capturing frame...
2025-06-25 11:39:04,815 - DEBUG - Capturing frame...
2025-06-25 11:39:05,033 - DEBUG - Capturing frame...
2025-06-25 11:39:05,252 - DEBUG - Capturing frame...
2025-06-25 11:39:05,471 - DEBUG - Capturing frame...
2025-06-25 11:39:05,688 - DEBUG - Capturing frame...
2025-06-25 11:39:05,908 - DEBUG - Capturing frame...
2025-06-25 11:39:06,127 - DEBUG - Capturing frame...
2025-06-25 11:39:06,349 - DEBUG - Capturing frame...
2025-06-25 11:39:06,571 - DEBUG - Capturing frame...
2025-06-25 11:39:06,788 - DEBUG - Capturing frame...
2025-06-25 11:39:07,009 - DEBUG - Capturing frame...
2025-06-25 11:39:07,228 - DEBUG - Capturing frame...
2025-06-25 11:39:07,447 - DEBUG - Capturing frame...
2025-06-25 11:39:07,665 - DEBUG - Capturing frame...
2025-06-25 11:39:07,884 - DEBUG - Capturing frame...
2025-06-25 11:39:08,104 - DEBUG - Capturing frame...
2025-06-25 11:39:08,326 - DEBUG - Capturing frame...
2025-06-25 11:39:08,545 - DEBUG - Capturing frame...
2025-06-25 11:39:08,762 - DEBUG - Capturing frame...
2025-06-25 11:39:08,982 - DEBUG - Capturing frame...
2025-06-25 11:39:09,202 - DEBUG - Capturing frame...
2025-06-25 11:39:09,421 - DEBUG - Capturing frame...
2025-06-25 11:39:09,640 - DEBUG - Capturing frame...
2025-06-25 11:39:09,862 - DEBUG - Capturing frame...
2025-06-25 11:39:10,079 - DEBUG - Capturing frame...
2025-06-25 11:39:10,296 - DEBUG - Capturing frame...
2025-06-25 11:39:10,517 - DEBUG - Capturing frame...
2025-06-25 11:39:10,736 - DEBUG - Capturing frame...
2025-06-25 11:39:10,955 - DEBUG - Capturing frame...
2025-06-25 11:39:11,186 - DEBUG - Capturing frame...
2025-06-25 11:39:11,406 - DEBUG - Capturing frame...
2025-06-25 11:39:11,623 - DEBUG - Capturing frame...
2025-06-25 11:39:11,843 - DEBUG - Capturing frame...
2025-06-25 11:39:12,061 - DEBUG - Capturing frame...
2025-06-25 11:39:12,281 - DEBUG - Capturing frame...
2025-06-25 11:39:12,500 - DEBUG - Capturing frame...
2025-06-25 11:39:12,717 - DEBUG - Capturing frame...
2025-06-25 11:39:12,937 - DEBUG - Capturing frame...
2025-06-25 11:39:13,158 - DEBUG - Capturing frame...
2025-06-25 11:39:13,378 - DEBUG - Capturing frame...
2025-06-25 11:39:13,600 - DEBUG - Capturing frame...
2025-06-25 11:39:13,816 - DEBUG - Capturing frame...
2025-06-25 11:39:14,036 - DEBUG - Capturing frame...
2025-06-25 11:39:14,254 - DEBUG - Capturing frame...
2025-06-25 11:39:14,488 - DEBUG - Capturing frame...
2025-06-25 11:39:14,705 - DEBUG - Capturing frame...
2025-06-25 11:39:14,924 - DEBUG - Capturing frame...
2025-06-25 11:39:15,143 - DEBUG - Capturing frame...
2025-06-25 11:39:15,375 - DEBUG - Capturing frame...
2025-06-25 11:39:15,595 - DEBUG - Capturing frame...
2025-06-25 11:39:15,814 - DEBUG - Capturing frame...
2025-06-25 11:39:16,033 - DEBUG - Capturing frame...
2025-06-25 11:39:16,253 - DEBUG - Capturing frame...
2025-06-25 11:39:16,473 - DEBUG - Capturing frame...
2025-06-25 11:39:16,690 - DEBUG - Capturing frame...
2025-06-25 11:39:16,909 - DEBUG - Capturing frame...
2025-06-25 11:39:17,128 - DEBUG - Capturing frame...
2025-06-25 11:39:17,348 - DEBUG - Capturing frame...
2025-06-25 11:39:17,566 - DEBUG - Capturing frame...
2025-06-25 11:39:17,784 - DEBUG - Capturing frame...
2025-06-25 11:39:18,002 - DEBUG - Capturing frame...
2025-06-25 11:39:18,221 - DEBUG - Capturing frame...
2025-06-25 11:39:18,439 - DEBUG - Capturing frame...
2025-06-25 11:39:18,659 - DEBUG - Capturing frame...
2025-06-25 11:39:18,879 - DEBUG - Capturing frame...
2025-06-25 11:39:19,099 - DEBUG - Capturing frame...
2025-06-25 11:39:19,319 - DEBUG - Capturing frame...
2025-06-25 11:39:19,538 - DEBUG - Capturing frame...
2025-06-25 11:39:19,757 - DEBUG - Capturing frame...
2025-06-25 11:39:19,975 - DEBUG - Capturing frame...
2025-06-25 11:39:20,192 - DEBUG - Capturing frame...
2025-06-25 11:39:20,413 - DEBUG - Capturing frame...
2025-06-25 11:39:20,631 - DEBUG - Capturing frame...
2025-06-25 11:39:20,863 - DEBUG - Capturing frame...
2025-06-25 11:39:21,082 - DEBUG - Capturing frame...
2025-06-25 11:39:21,301 - DEBUG - Capturing frame...
2025-06-25 11:39:21,520 - DEBUG - Capturing frame...
2025-06-25 11:39:21,761 - INFO - Computed PSNR: 14.77 for SKU NEA_Korea_100ml
2025-06-25 11:39:21,761 - DEBUG - Running detection on frame with conf=0.02, iou=0.55
2025-06-25 11:39:22,007 - INFO - Detected 13 valid boxes. Clamp class count: 1
2025-06-25 11:39:22,021 - DEBUG - Capturing frame...
2025-06-25 11:39:22,243 - DEBUG - Capturing frame...
2025-06-25 11:39:22,465 - DEBUG - Capturing frame...
2025-06-25 11:39:22,646 - INFO - Computed PSNR: 14.80 for SKU NEA_Korea_100ml
2025-06-25 11:39:22,646 - DEBUG - Running detection on frame with conf=0.02, iou=0.55
2025-06-25 11:39:22,706 - INFO - Detected 13 valid boxes. Clamp class count: 1
2025-06-25 11:39:22,716 - DEBUG - Capturing frame...
2025-06-25 11:39:22,936 - DEBUG - Capturing frame...
2025-06-25 11:39:23,156 - DEBUG - Capturing frame...
2025-06-25 11:39:23,379 - INFO - Computed PSNR: 14.10 for SKU NEA_Korea_100ml
2025-06-25 11:39:23,380 - DEBUG - Running detection on frame with conf=0.02, iou=0.55
2025-06-25 11:39:23,435 - INFO - Detected 13 valid boxes. Clamp class count: 1
2025-06-25 11:39:23,441 - DEBUG - Capturing frame...
2025-06-25 11:39:23,664 - DEBUG - Capturing frame...
2025-06-25 11:39:23,882 - DEBUG - Capturing frame...
2025-06-25 11:39:24,102 - DEBUG - Capturing frame...
2025-06-25 11:39:24,370 - INFO - Computed PSNR: 12.80 for SKU NEA_Korea_100ml
2025-06-25 11:39:24,370 - DEBUG - Running detection on frame with conf=0.02, iou=0.55
2025-06-25 11:39:24,574 - INFO - Detected 13 valid boxes. Clamp class count: 1
2025-06-25 11:39:24,590 - DEBUG - Capturing frame...
2025-06-25 11:39:24,809 - DEBUG - Capturing frame...
2025-06-25 11:39:25,028 - DEBUG - Capturing frame...
2025-06-25 11:39:25,123 - INFO - Computed PSNR: 12.69 for SKU NEA_Korea_100ml
2025-06-25 11:39:25,124 - DEBUG - Running detection on frame with conf=0.02, iou=0.55
2025-06-25 11:39:25,179 - INFO - Detected 13 valid boxes. Clamp class count: 1
2025-06-25 11:39:25,186 - DEBUG - Capturing frame...
2025-06-25 11:39:25,406 - DEBUG - Capturing frame...
2025-06-25 11:39:25,624 - DEBUG - Capturing frame...
2025-06-25 11:39:25,843 - DEBUG - Capturing frame...
2025-06-25 11:39:26,063 - DEBUG - Capturing frame...
2025-06-25 11:39:26,168 - INFO - Computed PSNR: 13.93 for SKU NEA_Korea_100ml
2025-06-25 11:39:26,169 - DEBUG - Running detection on frame with conf=0.02, iou=0.55
2025-06-25 11:39:26,226 - INFO - Detected 13 valid boxes. Clamp class count: 1
2025-06-25 11:39:26,237 - DEBUG - Capturing frame...
2025-06-25 11:39:26,458 - DEBUG - Capturing frame...
2025-06-25 11:39:26,678 - DEBUG - Capturing frame...
2025-06-25 11:39:26,939 - INFO - Computed PSNR: 12.93 for SKU NEA_Korea_100ml
2025-06-25 11:39:26,940 - DEBUG - Running detection on frame with conf=0.02, iou=0.55
2025-06-25 11:39:27,008 - INFO - Detected 13 valid boxes. Clamp class count: 1
2025-06-25 11:39:27,025 - DEBUG - Capturing frame...
2025-06-25 11:39:27,244 - DEBUG - Capturing frame...
2025-06-25 11:39:27,463 - DEBUG - Capturing frame...
2025-06-25 11:39:27,681 - DEBUG - Capturing frame...
2025-06-25 11:39:27,738 - INFO - Computed PSNR: 12.87 for SKU NEA_Korea_100ml
2025-06-25 11:39:27,739 - DEBUG - Running detection on frame with conf=0.02, iou=0.55
2025-06-25 11:39:27,808 - INFO - Detected 13 valid boxes. Clamp class count: 1
2025-06-25 11:39:27,821 - DEBUG - Capturing frame...
2025-06-25 11:39:28,039 - DEBUG - Capturing frame...
2025-06-25 11:39:28,258 - DEBUG - Capturing frame...
2025-06-25 11:39:28,475 - DEBUG - Capturing frame...
2025-06-25 11:39:28,558 - INFO - Computed PSNR: 13.55 for SKU NEA_Korea_100ml
2025-06-25 11:39:28,558 - DEBUG - Running detection on frame with conf=0.02, iou=0.55
2025-06-25 11:39:28,678 - INFO - Detected 13 valid boxes. Clamp class count: 1
2025-06-25 11:39:28,695 - DEBUG - Capturing frame...
2025-06-25 11:39:28,916 - DEBUG - Capturing frame...
2025-06-25 11:39:29,134 - DEBUG - Capturing frame...
2025-06-25 11:39:29,365 - DEBUG - Capturing frame...
2025-06-25 11:39:29,429 - INFO - Computed PSNR: 12.80 for SKU NEA_Korea_100ml
2025-06-25 11:39:29,429 - DEBUG - Running detection on frame with conf=0.02, iou=0.55
2025-06-25 11:39:29,606 - INFO - Detected 13 valid boxes. Clamp class count: 1
2025-06-25 11:39:29,618 - DEBUG - Capturing frame...
2025-06-25 11:39:29,835 - DEBUG - Capturing frame...
2025-06-25 11:39:30,054 - DEBUG - Capturing frame...
2025-06-25 11:39:30,272 - DEBUG - Capturing frame...
2025-06-25 11:39:30,363 - INFO - Computed PSNR: 14.78 for SKU NEA_Korea_100ml
2025-06-25 11:39:30,364 - DEBUG - Running detection on frame with conf=0.02, iou=0.55
2025-06-25 11:39:30,414 - INFO - Detected 13 valid boxes. Clamp class count: 1
2025-06-25 11:39:30,428 - DEBUG - Capturing frame...
2025-06-25 11:39:30,646 - DEBUG - Capturing frame...
2025-06-25 11:39:30,865 - DEBUG - Capturing frame...
2025-06-25 11:39:31,086 - DEBUG - Capturing frame...
2025-06-25 11:39:31,135 - INFO - Computed PSNR: 14.08 for SKU NEA_Korea_100ml
2025-06-25 11:39:31,136 - DEBUG - Running detection on frame with conf=0.02, iou=0.55
2025-06-25 11:39:31,197 - INFO - Detected 13 valid boxes. Clamp class count: 1
2025-06-25 11:39:31,213 - DEBUG - Capturing frame...
2025-06-25 11:39:31,430 - DEBUG - Capturing frame...
2025-06-25 11:39:31,647 - DEBUG - Capturing frame...
2025-06-25 11:39:31,866 - DEBUG - Capturing frame...
2025-06-25 11:39:32,003 - INFO - Computed PSNR: 13.33 for SKU NEA_Korea_100ml
2025-06-25 11:39:32,003 - DEBUG - Running detection on frame with conf=0.02, iou=0.55
2025-06-25 11:39:32,074 - INFO - Detected 13 valid boxes. Clamp class count: 1
2025-06-25 11:39:32,085 - DEBUG - Capturing frame...
2025-06-25 11:39:32,304 - DEBUG - Capturing frame...
2025-06-25 11:39:32,522 - DEBUG - Capturing frame...
2025-06-25 11:39:32,740 - DEBUG - Capturing frame...
2025-06-25 11:39:32,981 - INFO - Computed PSNR: 13.11 for SKU NEA_Korea_100ml
2025-06-25 11:39:32,982 - DEBUG - Running detection on frame with conf=0.02, iou=0.55
2025-06-25 11:39:33,052 - INFO - Detected 13 valid boxes. Clamp class count: 1
2025-06-25 11:39:33,069 - DEBUG - Capturing frame...
2025-06-25 11:39:33,286 - DEBUG - Capturing frame...
2025-06-25 11:39:33,504 - DEBUG - Capturing frame...
2025-06-25 11:39:33,687 - INFO - Computed PSNR: 14.39 for SKU NEA_Korea_100ml
2025-06-25 11:39:33,688 - DEBUG - Running detection on frame with conf=0.02, iou=0.55
2025-06-25 11:39:34,001 - INFO - Detected 13 valid boxes. Clamp class count: 1
2025-06-25 11:39:34,009 - DEBUG - Capturing frame...
2025-06-25 11:39:34,228 - DEBUG - Capturing frame...
2025-06-25 11:39:34,449 - DEBUG - Capturing frame...
2025-06-25 11:39:34,540 - INFO - Computed PSNR: 12.84 for SKU NEA_Korea_100ml
2025-06-25 11:39:34,540 - DEBUG - Running detection on frame with conf=0.02, iou=0.55
2025-06-25 11:39:34,573 - INFO - Detected 13 valid boxes. Clamp class count: 1
2025-06-25 11:39:34,590 - DEBUG - Capturing frame...
2025-06-25 11:39:34,810 - DEBUG - Capturing frame...
2025-06-25 11:39:35,028 - DEBUG - Capturing frame...
2025-06-25 11:39:35,263 - DEBUG - Capturing frame...
2025-06-25 11:39:35,433 - INFO - Computed PSNR: 12.51 for SKU NEA_Korea_100ml
2025-06-25 11:39:35,433 - DEBUG - Running detection on frame with conf=0.02, iou=0.55
2025-06-25 11:39:35,516 - INFO - Detected 13 valid boxes. Clamp class count: 1
2025-06-25 11:39:35,533 - DEBUG - Capturing frame...
2025-06-25 11:39:35,751 - DEBUG - Capturing frame...
2025-06-25 11:39:35,967 - DEBUG - Capturing frame...
2025-06-25 11:39:36,187 - DEBUG - Capturing frame...
2025-06-25 11:39:36,407 - DEBUG - Capturing frame...
2025-06-25 11:39:36,626 - DEBUG - Capturing frame...
2025-06-25 11:39:36,843 - DEBUG - Capturing frame...
2025-06-25 11:39:37,060 - DEBUG - Capturing frame...
2025-06-25 11:39:37,281 - DEBUG - Capturing frame...
2025-06-25 11:39:37,499 - DEBUG - Capturing frame...
2025-06-25 11:39:37,716 - DEBUG - Capturing frame...
2025-06-25 11:39:37,935 - DEBUG - Capturing frame...
2025-06-25 11:39:38,154 - DEBUG - Capturing frame...
2025-06-25 11:39:38,374 - DEBUG - Capturing frame...
2025-06-25 11:39:38,595 - DEBUG - Capturing frame...
2025-06-25 11:39:38,749 - INFO - Computed PSNR: 15.74 for SKU NEA_Korea_100ml
2025-06-25 11:39:38,750 - DEBUG - Running detection on frame with conf=0.02, iou=0.55
2025-06-25 11:39:38,979 - INFO - Detected 13 valid boxes. Clamp class count: 1
2025-06-25 11:39:38,986 - DEBUG - Capturing frame...
2025-06-25 11:39:39,205 - DEBUG - Capturing frame...
2025-06-25 11:39:39,424 - DEBUG - Capturing frame...
2025-06-25 11:39:39,645 - DEBUG - Capturing frame...
2025-06-25 11:39:39,889 - INFO - Computed PSNR: 13.16 for SKU NEA_Korea_100ml
2025-06-25 11:39:39,889 - DEBUG - Running detection on frame with conf=0.02, iou=0.55
2025-06-25 11:39:39,921 - INFO - Detected 13 valid boxes. Clamp class count: 1
2025-06-25 11:39:39,926 - DEBUG - Capturing frame...
2025-06-25 11:39:40,143 - DEBUG - Capturing frame...
2025-06-25 11:39:40,375 - DEBUG - Capturing frame...
2025-06-25 11:39:40,594 - DEBUG - Capturing frame...
2025-06-25 11:39:40,742 - INFO - Computed PSNR: 15.36 for SKU NEA_Korea_100ml
2025-06-25 11:39:40,742 - DEBUG - Running detection on frame with conf=0.02, iou=0.55
2025-06-25 11:39:40,809 - INFO - Detected 13 valid boxes. Clamp class count: 1
2025-06-25 11:39:40,813 - DEBUG - Capturing frame...
2025-06-25 11:39:41,031 - DEBUG - Capturing frame...
2025-06-25 11:39:41,250 - DEBUG - Capturing frame...
2025-06-25 11:39:41,470 - DEBUG - Capturing frame...
2025-06-25 11:39:41,611 - INFO - Computed PSNR: 14.00 for SKU NEA_Korea_100ml
2025-06-25 11:39:41,611 - DEBUG - Running detection on frame with conf=0.02, iou=0.55
2025-06-25 11:39:41,679 - INFO - Detected 13 valid boxes. Clamp class count: 1
2025-06-25 11:39:41,690 - DEBUG - Capturing frame...
2025-06-25 11:39:41,908 - DEBUG - Capturing frame...
2025-06-25 11:39:42,127 - DEBUG - Capturing frame...
2025-06-25 11:39:42,347 - DEBUG - Capturing frame...
2025-06-25 11:39:42,468 - INFO - Computed PSNR: 12.81 for SKU NEA_Korea_100ml
2025-06-25 11:39:42,468 - DEBUG - Running detection on frame with conf=0.02, iou=0.55
2025-06-25 11:39:42,542 - INFO - Detected 13 valid boxes. Clamp class count: 1
2025-06-25 11:39:42,552 - DEBUG - Capturing frame...
2025-06-25 11:39:42,772 - DEBUG - Capturing frame...
2025-06-25 11:39:42,989 - DEBUG - Capturing frame...
2025-06-25 11:39:43,206 - DEBUG - Capturing frame...
2025-06-25 11:39:43,397 - INFO - Computed PSNR: 12.03 for SKU NEA_Korea_100ml
2025-06-25 11:39:43,397 - DEBUG - Running detection on frame with conf=0.02, iou=0.55
2025-06-25 11:39:43,597 - INFO - Detected 13 valid boxes. Clamp class count: 1
2025-06-25 11:39:43,613 - DEBUG - Capturing frame...
2025-06-25 11:39:43,830 - DEBUG - Capturing frame...
2025-06-25 11:39:44,063 - DEBUG - Capturing frame...
2025-06-25 11:39:44,176 - INFO - Computed PSNR: 14.96 for SKU NEA_Korea_100ml
2025-06-25 11:39:44,176 - DEBUG - Running detection on frame with conf=0.02, iou=0.55
2025-06-25 11:39:44,221 - INFO - Detected 13 valid boxes. Clamp class count: 1
2025-06-25 11:39:44,234 - DEBUG - Capturing frame...
2025-06-25 11:39:44,453 - DEBUG - Capturing frame...
2025-06-25 11:39:44,675 - DEBUG - Capturing frame...
2025-06-25 11:39:44,893 - DEBUG - Capturing frame...
2025-06-25 11:39:45,047 - INFO - Computed PSNR: 13.77 for SKU NEA_Korea_100ml
2025-06-25 11:39:45,047 - DEBUG - Running detection on frame with conf=0.02, iou=0.55
2025-06-25 11:39:45,098 - INFO - Detected 13 valid boxes. Clamp class count: 1
2025-06-25 11:39:45,110 - DEBUG - Capturing frame...
2025-06-25 11:39:45,328 - DEBUG - Capturing frame...
2025-06-25 11:39:45,548 - DEBUG - Capturing frame...
2025-06-25 11:39:45,782 - DEBUG - Capturing frame...
2025-06-25 11:39:45,926 - INFO - Computed PSNR: 13.84 for SKU NEA_Korea_100ml
2025-06-25 11:39:45,927 - DEBUG - Running detection on frame with conf=0.02, iou=0.55
2025-06-25 11:39:46,031 - INFO - Detected 13 valid boxes. Clamp class count: 1
2025-06-25 11:39:46,049 - DEBUG - Capturing frame...
2025-06-25 11:39:46,265 - DEBUG - Capturing frame...
2025-06-25 11:39:46,486 - DEBUG - Capturing frame...
2025-06-25 11:39:46,704 - DEBUG - Capturing frame...
2025-06-25 11:39:46,813 - INFO - Computed PSNR: 13.22 for SKU NEA_Korea_100ml
2025-06-25 11:39:46,813 - DEBUG - Running detection on frame with conf=0.02, iou=0.55
2025-06-25 11:39:46,923 - INFO - Detected 13 valid boxes. Clamp class count: 1
2025-06-25 11:39:46,938 - DEBUG - Capturing frame...
2025-06-25 11:39:47,158 - DEBUG - Capturing frame...
2025-06-25 11:39:47,376 - DEBUG - Capturing frame...
2025-06-25 11:39:47,581 - INFO - Computed PSNR: 13.15 for SKU NEA_Korea_100ml
2025-06-25 11:39:47,581 - DEBUG - Running detection on frame with conf=0.02, iou=0.55
2025-06-25 11:39:47,800 - INFO - Detected 13 valid boxes. Clamp class count: 1
2025-06-25 11:39:47,817 - DEBUG - Capturing frame...
2025-06-25 11:39:48,035 - DEBUG - Capturing frame...
2025-06-25 11:39:48,266 - DEBUG - Capturing frame...
2025-06-25 11:39:48,469 - INFO - Computed PSNR: 14.08 for SKU NEA_Korea_100ml
2025-06-25 11:39:48,469 - DEBUG - Running detection on frame with conf=0.02, iou=0.55
2025-06-25 11:39:48,503 - INFO - Detected 13 valid boxes. Clamp class count: 1
2025-06-25 11:39:48,517 - DEBUG - Capturing frame...
2025-06-25 11:39:48,737 - DEBUG - Capturing frame...
2025-06-25 11:39:48,954 - DEBUG - Capturing frame...
2025-06-25 11:39:49,176 - DEBUG - Capturing frame...
2025-06-25 11:39:49,405 - DEBUG - Capturing frame...
2025-06-25 11:39:49,467 - INFO - Computed PSNR: 13.99 for SKU NEA_Korea_100ml
2025-06-25 11:39:49,468 - DEBUG - Running detection on frame with conf=0.02, iou=0.55
2025-06-25 11:39:49,520 - INFO - Detected 13 valid boxes. Clamp class count: 1
2025-06-25 11:39:49,532 - DEBUG - Capturing frame...
2025-06-25 11:39:49,752 - DEBUG - Capturing frame...
2025-06-25 11:39:49,972 - DEBUG - Capturing frame...
2025-06-25 11:39:50,191 - DEBUG - Capturing frame...
2025-06-25 11:39:50,268 - INFO - Computed PSNR: 14.66 for SKU NEA_Korea_100ml
2025-06-25 11:39:50,269 - DEBUG - Running detection on frame with conf=0.02, iou=0.55
2025-06-25 11:39:50,393 - INFO - Detected 13 valid boxes. Clamp class count: 1
2025-06-25 11:39:50,412 - DEBUG - Capturing frame...
2025-06-25 11:39:50,631 - DEBUG - Capturing frame...
2025-06-25 11:39:50,850 - DEBUG - Capturing frame...
2025-06-25 11:39:51,032 - INFO - Computed PSNR: 14.80 for SKU NEA_Korea_100ml
2025-06-25 11:39:51,033 - DEBUG - Running detection on frame with conf=0.02, iou=0.55
2025-06-25 11:39:51,164 - INFO - Detected 13 valid boxes. Clamp class count: 1
2025-06-25 11:39:51,180 - DEBUG - Capturing frame...
2025-06-25 11:39:51,400 - DEBUG - Capturing frame...
2025-06-25 11:39:51,633 - DEBUG - Capturing frame...
2025-06-25 11:39:51,850 - DEBUG - Capturing frame...
2025-06-25 11:39:51,910 - INFO - Computed PSNR: 15.27 for SKU NEA_Korea_100ml
2025-06-25 11:39:51,910 - DEBUG - Running detection on frame with conf=0.02, iou=0.55
2025-06-25 11:39:52,037 - INFO - Detected 13 valid boxes. Clamp class count: 1
2025-06-25 11:39:52,053 - DEBUG - Capturing frame...
2025-06-25 11:39:52,273 - DEBUG - Capturing frame...
2025-06-25 11:39:52,494 - DEBUG - Capturing frame...
2025-06-25 11:39:52,714 - DEBUG - Capturing frame...
2025-06-25 11:39:52,791 - INFO - Computed PSNR: 14.83 for SKU NEA_Korea_100ml
2025-06-25 11:39:52,792 - DEBUG - Running detection on frame with conf=0.02, iou=0.55
2025-06-25 11:39:52,843 - INFO - Detected 13 valid boxes. Clamp class count: 1
2025-06-25 11:39:52,858 - DEBUG - Capturing frame...
2025-06-25 11:39:53,080 - DEBUG - Capturing frame...
2025-06-25 11:39:53,298 - DEBUG - Capturing frame...
2025-06-25 11:39:53,520 - DEBUG - Capturing frame...
2025-06-25 11:39:53,676 - INFO - Computed PSNR: 14.90 for SKU NEA_Korea_100ml
2025-06-25 11:39:53,676 - DEBUG - Running detection on frame with conf=0.02, iou=0.55
2025-06-25 11:39:53,737 - INFO - Detected 13 valid boxes. Clamp class count: 1
2025-06-25 11:39:53,755 - DEBUG - Capturing frame...
2025-06-25 11:39:53,973 - DEBUG - Capturing frame...
2025-06-25 11:39:54,192 - DEBUG - Capturing frame...
2025-06-25 11:39:54,411 - DEBUG - Capturing frame...
2025-06-25 11:39:54,629 - DEBUG - Capturing frame...
2025-06-25 11:39:54,681 - INFO - Computed PSNR: 14.44 for SKU NEA_Korea_100ml
2025-06-25 11:39:54,682 - DEBUG - Running detection on frame with conf=0.02, iou=0.55
2025-06-25 11:39:54,791 - INFO - Detected 13 valid boxes. Clamp class count: 1
2025-06-25 11:39:54,801 - DEBUG - Capturing frame...
2025-06-25 11:39:55,022 - DEBUG - Capturing frame...
2025-06-25 11:39:55,242 - DEBUG - Capturing frame...
2025-06-25 11:39:55,460 - DEBUG - Capturing frame...
2025-06-25 11:39:55,678 - DEBUG - Capturing frame...
2025-06-25 11:39:55,898 - DEBUG - Capturing frame...
2025-06-25 11:39:56,118 - DEBUG - Capturing frame...
2025-06-25 11:39:56,339 - DEBUG - Capturing frame...
2025-06-25 11:39:56,558 - DEBUG - Capturing frame...
2025-06-25 11:39:56,780 - DEBUG - Capturing frame...
2025-06-25 11:39:56,997 - DEBUG - Capturing frame...
2025-06-25 11:39:57,218 - DEBUG - Capturing frame...
2025-06-25 11:39:57,437 - DEBUG - Capturing frame...
2025-06-25 11:39:57,656 - DEBUG - Capturing frame...
2025-06-25 11:39:57,873 - DEBUG - Capturing frame...
2025-06-25 11:39:58,091 - DEBUG - Capturing frame...
2025-06-25 11:39:58,309 - DEBUG - Capturing frame...
2025-06-25 11:39:58,505 - INFO - Computed PSNR: 13.18 for SKU NEA_Korea_100ml
2025-06-25 11:39:58,505 - DEBUG - Running detection on frame with conf=0.02, iou=0.55
2025-06-25 11:39:58,685 - INFO - Detected 14 valid boxes. Clamp class count: 1
2025-06-25 11:39:58,703 - DEBUG - Capturing frame...
2025-06-25 11:39:58,922 - DEBUG - Capturing frame...
2025-06-25 11:39:59,144 - DEBUG - Capturing frame...
2025-06-25 11:39:59,366 - DEBUG - Capturing frame...
2025-06-25 11:39:59,507 - INFO - Computed PSNR: 14.25 for SKU NEA_Korea_100ml
2025-06-25 11:39:59,507 - DEBUG - Running detection on frame with conf=0.02, iou=0.55
2025-06-25 11:39:59,616 - INFO - Detected 13 valid boxes. Clamp class count: 1
2025-06-25 11:39:59,632 - DEBUG - Capturing frame...
2025-06-25 11:39:59,851 - DEBUG - Capturing frame...
2025-06-25 11:40:00,071 - DEBUG - Capturing frame...
2025-06-25 11:40:00,253 - INFO - Computed PSNR: 14.01 for SKU NEA_Korea_100ml
2025-06-25 11:40:00,253 - DEBUG - Running detection on frame with conf=0.02, iou=0.55
2025-06-25 11:40:00,601 - INFO - Detected 13 valid boxes. Clamp class count: 1
2025-06-25 11:40:00,606 - DEBUG - Capturing frame...
2025-06-25 11:40:00,824 - DEBUG - Capturing frame...
2025-06-25 11:40:01,065 - INFO - Computed PSNR: 14.05 for SKU NEA_Korea_100ml
2025-06-25 11:40:01,065 - DEBUG - Running detection on frame with conf=0.02, iou=0.55
2025-06-25 11:40:01,120 - INFO - Detected 13 valid boxes. Clamp class count: 1
2025-06-25 11:40:01,124 - DEBUG - Capturing frame...
2025-06-25 11:40:01,342 - DEBUG - Capturing frame...
2025-06-25 11:40:01,560 - DEBUG - Capturing frame...
2025-06-25 11:40:01,778 - DEBUG - Capturing frame...
2025-06-25 11:40:01,946 - INFO - Computed PSNR: 13.65 for SKU NEA_Korea_100ml
2025-06-25 11:40:01,947 - DEBUG - Running detection on frame with conf=0.02, iou=0.55
2025-06-25 11:40:02,002 - INFO - Detected 13 valid boxes. Clamp class count: 1
2025-06-25 11:40:02,014 - DEBUG - Capturing frame...
2025-06-25 11:40:02,230 - DEBUG - Capturing frame...
2025-06-25 11:40:02,450 - DEBUG - Capturing frame...
2025-06-25 11:40:02,668 - DEBUG - Capturing frame...
2025-06-25 11:40:02,767 - INFO - Computed PSNR: 13.13 for SKU NEA_Korea_100ml
2025-06-25 11:40:02,768 - DEBUG - Running detection on frame with conf=0.02, iou=0.55
2025-06-25 11:40:02,843 - INFO - Detected 13 valid boxes. Clamp class count: 1
2025-06-25 11:40:02,853 - DEBUG - Capturing frame...
2025-06-25 11:40:03,071 - DEBUG - Capturing frame...
2025-06-25 11:40:03,291 - DEBUG - Capturing frame...
2025-06-25 11:40:03,509 - DEBUG - Capturing frame...
2025-06-25 11:40:03,674 - INFO - Computed PSNR: 12.57 for SKU NEA_Korea_100ml
2025-06-25 11:40:03,675 - DEBUG - Running detection on frame with conf=0.02, iou=0.55
2025-06-25 11:40:03,724 - INFO - Detected 13 valid boxes. Clamp class count: 1
2025-06-25 11:40:03,743 - DEBUG - Capturing frame...
2025-06-25 11:40:03,961 - DEBUG - Capturing frame...
2025-06-25 11:40:04,178 - DEBUG - Capturing frame...
2025-06-25 11:40:04,397 - DEBUG - Capturing frame...
2025-06-25 11:40:04,496 - INFO - Computed PSNR: 15.40 for SKU NEA_Korea_100ml
2025-06-25 11:40:04,496 - DEBUG - Running detection on frame with conf=0.02, iou=0.55
2025-06-25 11:40:04,558 - INFO - Detected 13 valid boxes. Clamp class count: 1
2025-06-25 11:40:04,570 - DEBUG - Capturing frame...
2025-06-25 11:40:04,803 - DEBUG - Capturing frame...
2025-06-25 11:40:05,022 - DEBUG - Capturing frame...
2025-06-25 11:40:05,240 - DEBUG - Capturing frame...
2025-06-25 11:40:05,367 - INFO - Computed PSNR: 14.96 for SKU NEA_Korea_100ml
2025-06-25 11:40:05,368 - DEBUG - Running detection on frame with conf=0.02, iou=0.55
2025-06-25 11:40:05,423 - INFO - Detected 13 valid boxes. Clamp class count: 1
2025-06-25 11:40:05,427 - DEBUG - Capturing frame...
2025-06-25 11:40:05,646 - DEBUG - Capturing frame...
2025-06-25 11:40:05,864 - DEBUG - Capturing frame...
2025-06-25 11:40:06,083 - DEBUG - Capturing frame...
2025-06-25 11:40:06,291 - INFO - Computed PSNR: 12.50 for SKU NEA_Korea_100ml
2025-06-25 11:40:06,291 - DEBUG - Running detection on frame with conf=0.02, iou=0.55
2025-06-25 11:40:06,347 - INFO - Detected 13 valid boxes. Clamp class count: 1
2025-06-25 11:40:06,351 - DEBUG - Capturing frame...
2025-06-25 11:40:06,569 - DEBUG - Capturing frame...
2025-06-25 11:40:06,804 - DEBUG - Capturing frame...
2025-06-25 11:40:07,021 - DEBUG - Capturing frame...
2025-06-25 11:40:07,108 - INFO - Computed PSNR: 13.52 for SKU NEA_Korea_100ml
2025-06-25 11:40:07,109 - DEBUG - Running detection on frame with conf=0.02, iou=0.55
2025-06-25 11:40:07,215 - INFO - Detected 13 valid boxes. Clamp class count: 1
2025-06-25 11:40:07,228 - DEBUG - Capturing frame...
2025-06-25 11:40:07,449 - DEBUG - Capturing frame...
2025-06-25 11:40:07,669 - DEBUG - Capturing frame...
2025-06-25 11:40:07,899 - INFO - Computed PSNR: 13.63 for SKU NEA_Korea_100ml
2025-06-25 11:40:07,899 - DEBUG - Running detection on frame with conf=0.02, iou=0.55
2025-06-25 11:40:08,027 - INFO - Detected 13 valid boxes. Clamp class count: 1
2025-06-25 11:40:08,044 - DEBUG - Capturing frame...
2025-06-25 11:40:08,266 - DEBUG - Capturing frame...
2025-06-25 11:40:08,485 - DEBUG - Capturing frame...
2025-06-25 11:40:08,705 - DEBUG - Capturing frame...
2025-06-25 11:40:08,761 - INFO - Computed PSNR: 13.87 for SKU NEA_Korea_100ml
2025-06-25 11:40:08,762 - DEBUG - Running detection on frame with conf=0.02, iou=0.55
2025-06-25 11:40:08,858 - INFO - Detected 13 valid boxes. Clamp class count: 1
2025-06-25 11:40:08,862 - DEBUG - Capturing frame...
2025-06-25 11:40:09,083 - DEBUG - Capturing frame...
2025-06-25 11:40:09,303 - DEBUG - Capturing frame...
2025-06-25 11:40:09,523 - DEBUG - Capturing frame...
2025-06-25 11:40:09,649 - INFO - Computed PSNR: 12.80 for SKU NEA_Korea_100ml
2025-06-25 11:40:09,649 - DEBUG - Running detection on frame with conf=0.02, iou=0.55
2025-06-25 11:40:09,765 - INFO - Detected 13 valid boxes. Clamp class count: 1
2025-06-25 11:40:09,774 - DEBUG - Capturing frame...
2025-06-25 11:40:09,995 - DEBUG - Capturing frame...
2025-06-25 11:40:10,213 - DEBUG - Capturing frame...
2025-06-25 11:40:10,448 - DEBUG - Capturing frame...
2025-06-25 11:40:10,578 - INFO - Computed PSNR: 13.99 for SKU NEA_Korea_100ml
2025-06-25 11:40:10,578 - DEBUG - Running detection on frame with conf=0.02, iou=0.55
2025-06-25 11:40:10,987 - INFO - Detected 13 valid boxes. Clamp class count: 1
2025-06-25 11:40:10,998 - DEBUG - Capturing frame...
2025-06-25 11:40:11,221 - DEBUG - Capturing frame...
2025-06-25 11:40:11,402 - INFO - Computed PSNR: 12.68 for SKU NEA_Korea_100ml
2025-06-25 11:40:11,402 - DEBUG - Running detection on frame with conf=0.02, iou=0.55
2025-06-25 11:40:11,458 - INFO - Detected 13 valid boxes. Clamp class count: 1
2025-06-25 11:40:11,474 - DEBUG - Capturing frame...
2025-06-25 11:40:11,696 - DEBUG - Capturing frame...
2025-06-25 11:40:11,914 - DEBUG - Capturing frame...
2025-06-25 11:40:12,134 - DEBUG - Capturing frame...
2025-06-25 11:40:12,220 - INFO - Computed PSNR: 14.87 for SKU NEA_Korea_100ml
2025-06-25 11:40:12,220 - DEBUG - Running detection on frame with conf=0.02, iou=0.55
2025-06-25 11:40:12,278 - INFO - Detected 13 valid boxes. Clamp class count: 1
2025-06-25 11:40:12,291 - DEBUG - Capturing frame...
2025-06-25 11:40:12,513 - DEBUG - Capturing frame...
2025-06-25 11:40:12,733 - DEBUG - Capturing frame...
2025-06-25 11:40:12,953 - DEBUG - Capturing frame...
2025-06-25 11:40:13,175 - DEBUG - Capturing frame...
2025-06-25 11:40:13,278 - INFO - Computed PSNR: 12.73 for SKU NEA_Korea_100ml
2025-06-25 11:40:13,279 - DEBUG - Running detection on frame with conf=0.02, iou=0.55
2025-06-25 11:40:13,349 - INFO - Detected 13 valid boxes. Clamp class count: 1
2025-06-25 11:40:13,365 - DEBUG - Capturing frame...
2025-06-25 11:40:13,585 - DEBUG - Capturing frame...
2025-06-25 11:40:13,804 - DEBUG - Capturing frame...
2025-06-25 11:40:14,037 - DEBUG - Capturing frame...
2025-06-25 11:40:14,258 - DEBUG - Capturing frame...
2025-06-25 11:40:14,480 - DEBUG - Capturing frame...
2025-06-25 11:40:14,696 - DEBUG - Capturing frame...
2025-06-25 11:40:14,945 - DEBUG - Capturing frame...
2025-06-25 11:40:15,164 - DEBUG - Capturing frame...
2025-06-25 11:40:15,381 - DEBUG - Capturing frame...
2025-06-25 11:40:15,601 - DEBUG - Capturing frame...
2025-06-25 11:40:15,821 - DEBUG - Capturing frame...
2025-06-25 11:40:16,039 - DEBUG - Capturing frame...
2025-06-25 11:40:16,258 - DEBUG - Capturing frame...
2025-06-25 11:40:16,476 - DEBUG - Capturing frame...
2025-06-25 11:40:16,693 - DEBUG - Capturing frame...
2025-06-25 11:40:16,913 - DEBUG - Capturing frame...
2025-06-25 11:40:17,133 - DEBUG - Capturing frame...
2025-06-25 11:40:17,364 - DEBUG - Capturing frame...
2025-06-25 11:40:17,470 - INFO - Computed PSNR: 12.63 for SKU NEA_Korea_100ml
2025-06-25 11:40:17,470 - DEBUG - Running detection on frame with conf=0.02, iou=0.55
2025-06-25 11:40:17,612 - INFO - Detected 13 valid boxes. Clamp class count: 1
2025-06-25 11:40:17,617 - DEBUG - Capturing frame...
2025-06-25 11:40:17,833 - DEBUG - Capturing frame...
2025-06-25 11:40:18,054 - DEBUG - Capturing frame...
2025-06-25 11:40:18,275 - DEBUG - Capturing frame...
2025-06-25 11:40:18,499 - INFO - Computed PSNR: 13.10 for SKU NEA_Korea_100ml
2025-06-25 11:40:18,500 - DEBUG - Running detection on frame with conf=0.02, iou=0.55
2025-06-25 11:40:18,759 - INFO - Detected 13 valid boxes. Clamp class count: 1
2025-06-25 11:40:18,765 - DEBUG - Capturing frame...
2025-06-25 11:40:18,984 - DEBUG - Capturing frame...
2025-06-25 11:40:19,138 - INFO - Computed PSNR: 12.31 for SKU NEA_Korea_100ml
2025-06-25 11:40:19,139 - DEBUG - Running detection on frame with conf=0.02, iou=0.55
2025-06-25 11:40:19,205 - INFO - Detected 13 valid boxes. Clamp class count: 1
2025-06-25 11:40:19,220 - DEBUG - Capturing frame...
2025-06-25 11:40:19,441 - DEBUG - Capturing frame...
2025-06-25 11:40:19,657 - DEBUG - Capturing frame...
2025-06-25 11:40:19,875 - DEBUG - Capturing frame...
2025-06-25 11:40:20,038 - INFO - Computed PSNR: 12.57 for SKU NEA_Korea_100ml
2025-06-25 11:40:20,039 - DEBUG - Running detection on frame with conf=0.02, iou=0.55
2025-06-25 11:40:20,094 - INFO - Detected 13 valid boxes. Clamp class count: 1
2025-06-25 11:40:20,110 - DEBUG - Capturing frame...
2025-06-25 11:40:20,330 - DEBUG - Capturing frame...
2025-06-25 11:40:20,550 - DEBUG - Capturing frame...
2025-06-25 11:40:20,766 - DEBUG - Capturing frame...
2025-06-25 11:40:20,836 - INFO - Computed PSNR: 14.77 for SKU NEA_Korea_100ml
2025-06-25 11:40:20,836 - DEBUG - Running detection on frame with conf=0.02, iou=0.55
2025-06-25 11:40:20,901 - INFO - Detected 13 valid boxes. Clamp class count: 1
2025-06-25 11:40:20,907 - DEBUG - Capturing frame...
2025-06-25 11:40:21,125 - DEBUG - Capturing frame...
2025-06-25 11:40:21,343 - DEBUG - Capturing frame...
2025-06-25 11:40:21,564 - DEBUG - Capturing frame...
2025-06-25 11:40:21,690 - INFO - Computed PSNR: 12.95 for SKU NEA_Korea_100ml
2025-06-25 11:40:21,690 - DEBUG - Running detection on frame with conf=0.02, iou=0.55
2025-06-25 11:40:21,760 - INFO - Detected 13 valid boxes. Clamp class count: 1
2025-06-25 11:40:21,769 - DEBUG - Capturing frame...
2025-06-25 11:40:21,987 - DEBUG - Capturing frame...
2025-06-25 11:40:22,206 - DEBUG - Capturing frame...
2025-06-25 11:40:22,422 - DEBUG - Capturing frame...
2025-06-25 11:40:22,608 - INFO - Computed PSNR: 14.47 for SKU NEA_Korea_100ml
2025-06-25 11:40:22,608 - DEBUG - Running detection on frame with conf=0.02, iou=0.55
2025-06-25 11:40:22,740 - INFO - Detected 13 valid boxes. Clamp class count: 1
2025-06-25 11:40:22,754 - DEBUG - Capturing frame...
2025-06-25 11:40:22,973 - DEBUG - Capturing frame...
2025-06-25 11:40:23,195 - DEBUG - Capturing frame...
2025-06-25 11:40:23,416 - INFO - Computed PSNR: 13.75 for SKU NEA_Korea_100ml
2025-06-25 11:40:23,417 - DEBUG - Running detection on frame with conf=0.02, iou=0.55
2025-06-25 11:40:23,519 - INFO - Detected 13 valid boxes. Clamp class count: 1
2025-06-25 11:40:23,525 - DEBUG - Capturing frame...
2025-06-25 11:40:23,745 - DEBUG - Capturing frame...
2025-06-25 11:40:23,962 - DEBUG - Capturing frame...
2025-06-25 11:40:24,183 - DEBUG - Capturing frame...
2025-06-25 11:40:24,361 - INFO - Computed PSNR: 13.41 for SKU NEA_Korea_100ml
2025-06-25 11:40:24,361 - DEBUG - Running detection on frame with conf=0.02, iou=0.55
2025-06-25 11:40:24,465 - INFO - Detected 13 valid boxes. Clamp class count: 1
2025-06-25 11:40:24,482 - DEBUG - Capturing frame...
2025-06-25 11:40:24,701 - DEBUG - Capturing frame...
2025-06-25 11:40:24,920 - DEBUG - Capturing frame...
2025-06-25 11:40:25,146 - INFO - Computed PSNR: 14.28 for SKU NEA_Korea_100ml
2025-06-25 11:40:25,146 - DEBUG - Running detection on frame with conf=0.02, iou=0.55
2025-06-25 11:40:25,200 - INFO - Detected 13 valid boxes. Clamp class count: 1
2025-06-25 11:40:25,204 - DEBUG - Capturing frame...
2025-06-25 11:40:25,424 - DEBUG - Capturing frame...
2025-06-25 11:40:25,643 - DEBUG - Capturing frame...
2025-06-25 11:40:25,874 - DEBUG - Capturing frame...
2025-06-25 11:40:25,963 - INFO - Computed PSNR: 12.40 for SKU NEA_Korea_100ml
2025-06-25 11:40:25,964 - DEBUG - Running detection on frame with conf=0.02, iou=0.55
2025-06-25 11:40:26,017 - INFO - Detected 13 valid boxes. Clamp class count: 1
2025-06-25 11:40:26,033 - DEBUG - Capturing frame...
2025-06-25 11:40:26,251 - DEBUG - Capturing frame...
2025-06-25 11:40:26,471 - DEBUG - Capturing frame...
2025-06-25 11:40:26,692 - DEBUG - Capturing frame...
2025-06-25 11:40:26,916 - INFO - Computed PSNR: 12.95 for SKU NEA_Korea_100ml
2025-06-25 11:40:26,917 - DEBUG - Running detection on frame with conf=0.02, iou=0.55
2025-06-25 11:40:26,980 - INFO - Detected 13 valid boxes. Clamp class count: 1
2025-06-25 11:40:26,985 - DEBUG - Capturing frame...
2025-06-25 11:40:27,203 - DEBUG - Capturing frame...
2025-06-25 11:40:27,436 - DEBUG - Capturing frame...
2025-06-25 11:40:27,654 - DEBUG - Capturing frame...
2025-06-25 11:40:27,721 - INFO - Computed PSNR: 12.74 for SKU NEA_Korea_100ml
2025-06-25 11:40:27,721 - DEBUG - Running detection on frame with conf=0.02, iou=0.55
2025-06-25 11:40:27,982 - INFO - Detected 13 valid boxes. Clamp class count: 1
2025-06-25 11:40:27,986 - DEBUG - Capturing frame...
2025-06-25 11:40:28,206 - DEBUG - Capturing frame...
2025-06-25 11:40:28,427 - DEBUG - Capturing frame...
2025-06-25 11:40:28,581 - INFO - Computed PSNR: 14.84 for SKU NEA_Korea_100ml
2025-06-25 11:40:28,582 - DEBUG - Running detection on frame with conf=0.02, iou=0.55
2025-06-25 11:40:28,644 - INFO - Detected 13 valid boxes. Clamp class count: 1
2025-06-25 11:40:28,649 - DEBUG - Capturing frame...
2025-06-25 11:40:28,867 - DEBUG - Capturing frame...
2025-06-25 11:40:29,087 - DEBUG - Capturing frame...
2025-06-25 11:40:29,359 - INFO - Computed PSNR: 14.29 for SKU NEA_Korea_100ml
2025-06-25 11:40:29,359 - DEBUG - Running detection on frame with conf=0.02, iou=0.55
2025-06-25 11:40:29,419 - INFO - Detected 13 valid boxes. Clamp class count: 1
2025-06-25 11:40:29,435 - DEBUG - Capturing frame...
2025-06-25 11:40:29,655 - DEBUG - Capturing frame...
2025-06-25 11:40:29,873 - DEBUG - Capturing frame...
2025-06-25 11:40:30,092 - DEBUG - Capturing frame...
2025-06-25 11:40:30,210 - INFO - Computed PSNR: 14.38 for SKU NEA_Korea_100ml
2025-06-25 11:40:30,210 - DEBUG - Running detection on frame with conf=0.02, iou=0.55
2025-06-25 11:40:30,324 - INFO - Detected 13 valid boxes. Clamp class count: 1
2025-06-25 11:40:30,341 - DEBUG - Capturing frame...
2025-06-25 11:40:30,562 - DEBUG - Capturing frame...
2025-06-25 11:40:30,795 - DEBUG - Capturing frame...
2025-06-25 11:40:31,012 - DEBUG - Capturing frame...
2025-06-25 11:40:31,216 - INFO - Computed PSNR: 12.57 for SKU NEA_Korea_100ml
2025-06-25 11:40:31,216 - DEBUG - Running detection on frame with conf=0.02, iou=0.55
2025-06-25 11:40:31,383 - INFO - Detected 13 valid boxes. Clamp class count: 1
2025-06-25 11:40:31,389 - DEBUG - Capturing frame...
2025-06-25 11:40:31,608 - DEBUG - Capturing frame...
2025-06-25 11:40:31,826 - DEBUG - Capturing frame...
2025-06-25 11:40:32,043 - DEBUG - Capturing frame...
2025-06-25 11:40:32,259 - INFO - Computed PSNR: 11.88 for SKU NEA_Korea_100ml
2025-06-25 11:40:32,259 - DEBUG - Running detection on frame with conf=0.02, iou=0.55
2025-06-25 11:40:32,355 - INFO - Detected 13 valid boxes. Clamp class count: 1
2025-06-25 11:40:32,372 - DEBUG - Capturing frame...
2025-06-25 11:40:32,591 - DEBUG - Capturing frame...
2025-06-25 11:40:32,814 - DEBUG - Capturing frame...
2025-06-25 11:40:33,034 - DEBUG - Capturing frame...
2025-06-25 11:40:33,265 - DEBUG - Capturing frame...
2025-06-25 11:40:33,484 - DEBUG - Capturing frame...
2025-06-25 11:40:33,704 - DEBUG - Capturing frame...
2025-06-25 11:40:33,922 - DEBUG - Capturing frame...
2025-06-25 11:40:34,154 - DEBUG - Capturing frame...
2025-06-25 11:40:34,373 - DEBUG - Capturing frame...
2025-06-25 11:40:34,592 - DEBUG - Capturing frame...
2025-06-25 11:40:34,825 - DEBUG - Capturing frame...
2025-06-25 11:40:35,044 - DEBUG - Capturing frame...
2025-06-25 11:40:35,264 - DEBUG - Capturing frame...
2025-06-25 11:40:35,498 - DEBUG - Capturing frame...
2025-06-25 11:40:35,717 - DEBUG - Capturing frame...
2025-06-25 11:40:35,954 - INFO - Computed PSNR: 12.28 for SKU NEA_Korea_100ml
2025-06-25 11:40:35,954 - DEBUG - Running detection on frame with conf=0.02, iou=0.55
2025-06-25 11:40:36,084 - INFO - Detected 13 valid boxes. Clamp class count: 1
2025-06-25 11:40:36,095 - DEBUG - Capturing frame...
2025-06-25 11:40:36,314 - DEBUG - Capturing frame...
2025-06-25 11:40:36,536 - DEBUG - Capturing frame...
2025-06-25 11:40:36,758 - INFO - Computed PSNR: 13.50 for SKU NEA_Korea_100ml
2025-06-25 11:40:36,759 - DEBUG - Running detection on frame with conf=0.02, iou=0.55
2025-06-25 11:40:36,861 - INFO - Detected 13 valid boxes. Clamp class count: 1
2025-06-25 11:40:36,866 - DEBUG - Capturing frame...
2025-06-25 11:40:37,084 - DEBUG - Capturing frame...
2025-06-25 11:40:37,303 - DEBUG - Capturing frame...
2025-06-25 11:40:37,521 - DEBUG - Capturing frame...
2025-06-25 11:40:37,607 - INFO - Computed PSNR: 13.33 for SKU NEA_Korea_100ml
2025-06-25 11:40:37,608 - DEBUG - Running detection on frame with conf=0.02, iou=0.55
2025-06-25 11:40:37,797 - INFO - Detected 13 valid boxes. Clamp class count: 1
2025-06-25 11:40:37,807 - DEBUG - Capturing frame...
2025-06-25 11:40:38,027 - DEBUG - Capturing frame...
2025-06-25 11:40:38,257 - DEBUG - Capturing frame...
2025-06-25 11:40:38,477 - INFO - Computed PSNR: 13.54 for SKU NEA_Korea_100ml
2025-06-25 11:40:38,477 - DEBUG - Running detection on frame with conf=0.02, iou=0.55
2025-06-25 11:40:38,528 - INFO - Detected 13 valid boxes. Clamp class count: 1
2025-06-25 11:40:38,531 - DEBUG - Capturing frame...
2025-06-25 11:40:38,747 - DEBUG - Capturing frame...
2025-06-25 11:40:38,975 - DEBUG - Capturing frame...
2025-06-25 11:40:39,197 - DEBUG - Capturing frame...
2025-06-25 11:40:39,339 - INFO - Computed PSNR: 12.76 for SKU NEA_Korea_100ml
2025-06-25 11:40:39,339 - DEBUG - Running detection on frame with conf=0.02, iou=0.55
2025-06-25 11:40:39,376 - INFO - Detected 13 valid boxes. Clamp class count: 1
2025-06-25 11:40:39,383 - DEBUG - Capturing frame...
2025-06-25 11:40:39,588 - DEBUG - Capturing frame...
2025-06-25 11:40:39,806 - DEBUG - Capturing frame...
2025-06-25 11:40:40,027 - DEBUG - Capturing frame...
2025-06-25 11:40:40,149 - INFO - Computed PSNR: 15.33 for SKU NEA_Korea_100ml
2025-06-25 11:40:40,150 - DEBUG - Running detection on frame with conf=0.02, iou=0.55
2025-06-25 11:40:40,206 - INFO - Detected 13 valid boxes. Clamp class count: 1
2025-06-25 11:40:40,214 - DEBUG - Capturing frame...
2025-06-25 11:40:40,433 - DEBUG - Capturing frame...
2025-06-25 11:40:40,653 - DEBUG - Capturing frame...
2025-06-25 11:40:40,873 - DEBUG - Capturing frame...
2025-06-25 11:40:41,092 - DEBUG - Capturing frame...
2025-06-25 11:40:41,139 - INFO - Computed PSNR: 12.04 for SKU NEA_Korea_100ml
2025-06-25 11:40:41,139 - DEBUG - Running detection on frame with conf=0.02, iou=0.55
2025-06-25 11:40:41,237 - INFO - Detected 13 valid boxes. Clamp class count: 1
2025-06-25 11:40:41,247 - DEBUG - Capturing frame...
2025-06-25 11:40:41,466 - DEBUG - Capturing frame...
2025-06-25 11:40:41,699 - DEBUG - Capturing frame...
2025-06-25 11:40:41,921 - INFO - Computed PSNR: 15.07 for SKU NEA_Korea_100ml
2025-06-25 11:40:41,923 - DEBUG - Running detection on frame with conf=0.02, iou=0.55
2025-06-25 11:40:42,020 - INFO - Detected 13 valid boxes. Clamp class count: 1
2025-06-25 11:40:42,030 - DEBUG - Capturing frame...
2025-06-25 11:40:42,247 - DEBUG - Capturing frame...
2025-06-25 11:40:42,465 - DEBUG - Capturing frame...
2025-06-25 11:40:42,685 - DEBUG - Capturing frame...
2025-06-25 11:40:42,768 - INFO - Computed PSNR: 12.90 for SKU NEA_Korea_100ml
2025-06-25 11:40:42,768 - DEBUG - Running detection on frame with conf=0.02, iou=0.55
2025-06-25 11:40:42,978 - INFO - Detected 13 valid boxes. Clamp class count: 1
2025-06-25 11:40:43,000 - INFO - destroying snap7 client
